뉴스 제목	댓글 내용	
문 대통령 "한반도 정세 전환하려고 했던 김정은의 결단·노력 잘 안다"	북한이 무슨 노력을 했다는거지? 예를들어서 어떤?	
문 대통령 "한반도 정세 전환하려고 했던 김정은의 결단·노력 잘 안다"	부정선거가 먼저다 .. 잊지않겠습니다 .. 부정선거는 사형이다	
문 대통령 "한반도 정세 전환하려고 했던 김정은의 결단·노력 잘 안다"	분명한  사실은  주변국  어느  나라도한반도  통일을  원하지  않는  것이다왜  일까???  그만금  이  한반도를  이용해서국익을  취하려는   놈들  때문이다천천히  통일하자	
문 대통령 "한반도 정세 전환하려고 했던 김정은의 결단·노력 잘 안다"	뎃글의 덜떨어진 친구들은 전쟁나면 뭐할지 참으로 궁금하다! 현실로 부터 눈을 돌리고 혼자 머릿속 전쟁놀이나 하고 자빠진겐가? 길빵하는 얼빠진 놈들한테 담배 끄라는 말한마디 제대로 못하는 것들이 입만 살아서....거지깽이 무뢰배와 목소리를 키우지 않고 타이를 줄 안다는 것은 좋은 일이다	
문 대통령 "한반도 정세 전환하려고 했던 김정은의 결단·노력 잘 안다"	북한 말따위에 휘둘리지않는 강인함이 대통령답다 감정적으로 말하는 트럼프 같지 않아서 좋네요	
문 대통령 "한반도 정세 전환하려고 했던 김정은의 결단·노력 잘 안다"	탱크를 몰고가 평양시를 접수하고, 오합지졸 인민군을 모조리 도륙하자. 김정은을 생포하여 천하만민 앞에 그 죄를 묻고 폐허가 된 주석궁에 태극기를 꼽아넣자. 오직 태극기만이 평화를 말할 자격이 있다.	
문 대통령 "한반도 정세 전환하려고 했던 김정은의 결단·노력 잘 안다"	아베가 저랬음 죽창 들고 강경화 데리고 GR 쳤겠지	
문 대통령 "한반도 정세 전환하려고 했던 김정은의 결단·노력 잘 안다"	곧 무릎이라도 꿇고 석고대죄를 청할 기세네.저런걸 뽑았어니 나라돌아가는 꼬라지가	
문 대통령 "한반도 정세 전환하려고 했던 김정은의 결단·노력 잘 안다"	아 진짜 나라의 대표라는게 벙슨같아 엉엉... ㅠㅠ	
문 대통령 "한반도 정세 전환하려고 했던 김정은의 결단·노력 잘 안다"	문제인이 알아서 기는데 전쟁이 나겠냐 항복하면되는데 ㅡ	
문 대통령 "한반도 정세 전환하려고 했던 김정은의 결단·노력 잘 안다"	칼든 강도 앞이라 지갑이라도 내줘야할 처진 모양인데 그건 댁이랑 빨갱이 더불당과 문빠들이 개별적으로 모아서 주던지 하쇼...	
문 대통령 "한반도 정세 전환하려고 했던 김정은의 결단·노력 잘 안다"	문재앙은 3년 내내 일관적으로 매국행위를 해왔다 아직도 문재앙의 실체를 모르는 게 말이 되나?	
문 대통령 "한반도 정세 전환하려고 했던 김정은의 결단·노력 잘 안다"	대깨문은 문비어천가를, 문재인은 정은 찬양가를....	
문 대통령 "한반도 정세 전환하려고 했던 김정은의 결단·노력 잘 안다"	북한이 저런 반응인데 한미동맹 신뢰까지 깨가며 저짓거리하는건 머리에 진짜 문제 있는거 아님? 그래서 우리가 얻는건 뭔데? 현충일에 북한 눈치보는것도 어처구니 없는데, 이건 진짜 나라 팔아먹겠다는거냐 뭐냐.	
문 대통령 "한반도 정세 전환하려고 했던 김정은의 결단·노력 잘 안다"	아무리 미운놈 떡하나 더준다는 말이 있지만 돼지시키한테 놀아나는 꼴이 애처롭다.	
문 대통령 "한반도 정세 전환하려고 했던 김정은의 결단·노력 잘 안다"	빨  갱이 대통령, 간첩 대통령	
문 대통령 "한반도 정세 전환하려고 했던 김정은의 결단·노력 잘 안다"	창녕 9살 여아를 잔인하게 학대하고도 사랑한다는 미.친 계부나 한반도 평화 외치며 비무장지대를 요새화 시키면서 계속 우리나라에 협박과 비방을 하는 일삼는 이런 것들을 괜찮다며 감싸며 넘어가는 니들이나 뭐가 다르냐? 아니 더 미.친거지. 나라가 아주 개미쳤어	
문 대통령 "한반도 정세 전환하려고 했던 김정은의 결단·노력 잘 안다"	너랑 니 똘마니들 눈에만 보이는 협력과 노력이었나 보다. 진짜 쌩쇼하고 자빠졌다. 기가 막혀.	
문 대통령 "한반도 정세 전환하려고 했던 김정은의 결단·노력 잘 안다"	아무도 모르는 정은이의 속은 다안다던 새끼가 국민의 마음은 왜모르지?	
문 대통령 "한반도 정세 전환하려고 했던 김정은의 결단·노력 잘 안다"	비핵화란 말 한 마디 없냐?순진한 잉간.	
문 대통령 "한반도 정세 전환하려고 했던 김정은의 결단·노력 잘 안다"	문재인은 전쟁안한다 항복한다	
문 대통령 "한반도 정세 전환하려고 했던 김정은의 결단·노력 잘 안다"	정신병자 인증. 적어도 대통령이라고 하기에는 너무 안일하고.. 무책임하고 고집스럽다. 그냥 시민단체장 수준일뿐..	
문 대통령 "한반도 정세 전환하려고 했던 김정은의 결단·노력 잘 안다"	이 시대 진정한 소대가리	
문 대통령 "한반도 정세 전환하려고 했던 김정은의 결단·노력 잘 안다"	김정은이를 그대로 믿는자는 세상에서 유일하게 문재인 뿐. 최고존엄 김정은이를 위대한 수령동지로 받들고 있으니...	
문 대통령 "한반도 정세 전환하려고 했던 김정은의 결단·노력 잘 안다"	쩝쩝이 아저씨 투표조작 해명 먼저 해주세요. 언론 기자분들 투표조작 시위하는거 좀 기사 써주세요. 민주당 아저씨들 같은 편 그만 감싸시고 밥벌이보다국민을 먼저 생각해주세요. 통합당 아저씨들 나라가 이 모양인데 변할 생각없이 계속 구경만 할건가요? 달님들 제발 달나라로 떠나주세요. 윤씨 아지매 당신이 사람인지 해명 좀 해주세요. 쩝쩝이 아저씨 마지막으로 부탁 하나만 할게요. 세월호 희생자보다 나라를 지키가 돌아가신 군인분들이 먼저입니다. 안타까운 사건이지만 세월호 이용해 먹지마세요. 달나라 가는거 말고는 어려운 부탁 아닌거 같네요^^	
문 대통령 "한반도 정세 전환하려고 했던 김정은의 결단·노력 잘 안다"	국민과의 약속과 살림은 등한시하고 독재자의 약속은 무를수없다니. 문재인씨 미치셨는지	
문 대통령 "한반도 정세 전환하려고 했던 김정은의 결단·노력 잘 안다"	아! 빙신........................달타령하네...........삶은 소대가리는 빨리 도축장으로...........	
문 대통령 "한반도 정세 전환하려고 했던 김정은의 결단·노력 잘 안다"	전쟁나면 문재앙이랑 국개의원들부터 죽이고 시작해야지 저게 18 한나라의 대통령이냐?? 종북 광신도냐?? 왜 싫다고 짜증내는데 지는 계속 좋다고 매달려??? 뇌 회전이 북으로만 도나 아오 18	
문 대통령 "한반도 정세 전환하려고 했던 김정은의 결단·노력 잘 안다"	간첩맞다니까???	
문 대통령 "한반도 정세 전환하려고 했던 김정은의 결단·노력 잘 안다"	이 닭대가리 진짜! 그만 기어라. 한 나라의 대통령이면 할말은 하라고 좀	
문 대통령 "한반도 정세 전환하려고 했던 김정은의 결단·노력 잘 안다"	저샛기 아주 속이 좁은 인간이다.노무현이 대인배였다면 저샛긴 소인배	
문 대통령 "한반도 정세 전환하려고 했던 김정은의 결단·노력 잘 안다"	냉면이나  쳐먹어라  이게국민의목소리다	
문 대통령 "한반도 정세 전환하려고 했던 김정은의 결단·노력 잘 안다"	퍼준 돈이나 도로 받아내라 쳐 먹기만하고 돈 떨어지면 또 발광 호구도 이런 호구가 없다	
문 대통령 "한반도 정세 전환하려고 했던 김정은의 결단·노력 잘 안다"	사회연방 적화통일을 국민은 원하지않는다자유민주통일이지 국민팔지마라 간첩 문재인거짓선동 이나라를 이렇게 작살내고 온갖불법 비리 독식 하면서 북한에 애걸하는인간정은이가 니새끼냐  자국민은 없고민주당 주사파 말살시키지않음  진짜 이나라는중국속국될것   국회도 4.15부정으로 장악하고.민심도 저버리는것들 다  사형감이다역대 최악의 악질무능정권 나라와국민을중국에 넘기는 매국노새끼  국민이 다들고일어나야	
문 대통령 "한반도 정세 전환하려고 했던 김정은의 결단·노력 잘 안다"	어휴 문재앙같은 새킈 뽑은 인간들 대가리들이 문제임...	
문 대통령 "한반도 정세 전환하려고 했던 김정은의 결단·노력 잘 안다"	김정은이는 당신 아들이 아닙니다. 말 안듣는 애 달래듯 하지 마시라구요. 저 사람도 일개 국가 통치자입니다. 국가대 국가로서 당당히 대하고 당당히 맞서란 말입니다. 북조선김정은처럼 대한민국대통령답게 정체성 확실히 하세요. 국민의 한 사람으로서 볼 때 한반도 운전자는커녕 고장난 네비 차량 운전하는 것 같네요.	
문 대통령 "한반도 정세 전환하려고 했던 김정은의 결단·노력 잘 안다"	치매간첩견의 짖음에 돼지도 포기한 듯 하다	
문 대통령 "한반도 정세 전환하려고 했던 김정은의 결단·노력 잘 안다"	돌파구로 정은님 100조 콜??? 이러는거 아님??	
문 대통령 "한반도 정세 전환하려고 했던 김정은의 결단·노력 잘 안다"	문재인 당신을 뽑아줄때 국민들은   국가와 국민을 위해 일하라고 한건데 도대체 왜 북한만 바라보는건가  어느나라 대통령인가	
문 대통령 "한반도 정세 전환하려고 했던 김정은의 결단·노력 잘 안다"	남매가 문재인이 능력자인줄 오판한거지  .............할수있는게 없는 자인걸 늦게안거지....인민들에게는 뭔가능력발휘할것같이 떵떵거리다가 신뢰 추락방지용 책임을 문씨에게돌리는거고 ....물론 솔직하게 재인씨도 할수있는것도없고 ...지하방카에들어앉아  커피마시는것말고는...	
문 대통령 "한반도 정세 전환하려고 했던 김정은의 결단·노력 잘 안다"	현상황이 이런데도 쩝쩝이 머릿속엔 온통 북한뿐이구나.에라이 쓰레기인간. .	
문 대통령 "한반도 정세 전환하려고 했던 김정은의 결단·노력 잘 안다"	노력 했지 !!!  돈받아서 핵탄두 만드느라 얼마나 많은 노력을 했어 !!  노력 인정 !!! 소대가리 인정 !!!!	
문 대통령 "한반도 정세 전환하려고 했던 김정은의 결단·노력 잘 안다"	에휴 한심한인간....ㅉㅉ  저런인간이 어떻게 지지율 59%가 나오는지 Z랄도 풍년이네... 조작질도 하려면 티 안나게하든가...	
문 대통령 "한반도 정세 전환하려고 했던 김정은의 결단·노력 잘 안다"	문죄인은 415선거 불법조작도 잘 알지 .  ㆍ범인들을 내놓아라	
문 대통령 "한반도 정세 전환하려고 했던 김정은의 결단·노력 잘 안다"	어휴 저런새키가 지지율 60% 대한민국의 국운도 여기까지인듯	
문 대통령 "한반도 정세 전환하려고 했던 김정은의 결단·노력 잘 안다"	아직도 문씨 옹호하는것들은 북한이나 중국으로 꺼져줬으면 좋겠다...	
문 대통령 "한반도 정세 전환하려고 했던 김정은의 결단·노력 잘 안다"	대통령한테 냉면 대접하고 백두산 관광 시켜준 거 말고는 대한민국은 아무것도 못 받았다.	
문 대통령 "한반도 정세 전환하려고 했던 김정은의 결단·노력 잘 안다"	남한 건드리면 확실하게 피해를 입을거다 라는 확신을 심어 준 것도 아니고 정권 유지 기간 동안 사이 좋게 지낸 것도 아니고.......이도저도 아닌 쇼만 하다가 집권이 끝나가는 구만	
문 대통령 "한반도 정세 전환하려고 했던 김정은의 결단·노력 잘 안다"	문대통령은 국민이 뽑아준거지 북한이 그자리 준거 아닙니다. 국민보다 왜 북한이 먼저인지?	
문 대통령 "한반도 정세 전환하려고 했던 김정은의 결단·노력 잘 안다"	도대체 180석이 어디서 나온거야...도저히 이해가 안되네...인터넷 댓글보면 180석은 고사하고 80석도 힘들어!! 킹크랩이랑 정말 누구 말데로 중국 정부가 개입이 되어있나...상식적으로 납득이 안되네...그리고 남.북 문제.경제문제 특히 일자리와 주택문제나 다 한가지 공통점이 있어...가장 중요한게 현실에 기반을 두고 생각하지 않는다는 점이야....정치문제든 경제 문제든 모든 것이 현실에 기반을 두고 설령 아무리 주장이나 생각이 옳다고 하여도 시간이 경과하는데 역효과가 난다면 수정할 줄도 알아야 되는데 전혀 그런 것이 없다!!	
문 대통령 "한반도 정세 전환하려고 했던 김정은의 결단·노력 잘 안다"	김정은이랑 한 약속말고....대선초기에 국민과 약속이나 쫌 지킬것이지	
문 대통령 "한반도 정세 전환하려고 했던 김정은의 결단·노력 잘 안다"	북한 입장에서 좌파정권은 남침 도구에 지나지 않는다.... 이용 가치가 없으면 저렇게 나오는거야...공산당 입장에서 좌파는 그냥 침공 디딤돌에 지나지 않음	
문 대통령 "한반도 정세 전환하려고 했던 김정은의 결단·노력 잘 안다"	한반도 평화는 두놈만 죽으면 된다~ !	
문 대통령 "한반도 정세 전환하려고 했던 김정은의 결단·노력 잘 안다"	만약 내일 북한이 침공하면 문재인은 적과 싸우려고 하기는 할까?심히 궁금하다.	
문 대통령 "한반도 정세 전환하려고 했던 김정은의 결단·노력 잘 안다"	얼콜중독 폭력 남편한테 술병으로 쳐맞고 사는데도 xx가 좋아서 못헤어지고 매달리는 자존감 한참 낮은 등신 아줌마를 보는 느낌.	
문 대통령 "한반도 정세 전환하려고 했던 김정은의 결단·노력 잘 안다"	진짜 정신병자같다. 지 듣고싶은 대로 듣고 보고싶은대로 해석함.	
문 대통령 "한반도 정세 전환하려고 했던 김정은의 결단·노력 잘 안다"	쩡은이한테 저리 처맞고도 정신을 못차리네... 노인네 고마 내려오소 감당도 못할 자리에 앉아서 국민들 불안하게 뭐하는 짓거리고...	
문 대통령 "한반도 정세 전환하려고 했던 김정은의 결단·노력 잘 안다"	토착왜구는 잘 때려잡으면서 빨갱이는 왜 못 때리나	
문 대통령 "한반도 정세 전환하려고 했던 김정은의 결단·노력 잘 안다"	댓글을 안달수가 없는 발언만 하는구만....아...열불터져!!!!저 인간은 대통령감이 애시당초 아니였다. 한 나라 리더로서의 카리스마, 단호함, 경영 능력, 외교능력 등등!! 뭐하나 잘하는게 없어!! 감성팔이빼고!	
문 대통령 "한반도 정세 전환하려고 했던 김정은의 결단·노력 잘 안다"	진짜 이정도면 문재인 어디 출신인지 의심스럽네...뭐가 있는게 분명함ㅋㅋㅋ	
문 대통령 "한반도 정세 전환하려고 했던 김정은의 결단·노력 잘 안다"	재인이 너만하겠니? 넌 간이며 쓸개며 다 빼주고 있잖니. 이제 나라 통째로 홀랑 넘겨줄 일만 남았지.	
문 대통령 "한반도 정세 전환하려고 했던 김정은의 결단·노력 잘 안다"	북한은 이판 사판 공사판,ㅡ남한은 주사판,내로남불판,저자세판,,,,,,,,,,	
문 대통령 "한반도 정세 전환하려고 했던 김정은의 결단·노력 잘 안다"	재인아! 정은이가 너보고 멍청이래!ㅉㅉㅉ 한심한 놈이다. 멍청이란 소리나 듣고.ㅉㅉㅉ	
문 대통령 "한반도 정세 전환하려고 했던 김정은의 결단·노력 잘 안다"	이 인간 똥내질르는건 잘해  실속도 없으면서 불쌍타 언제까지 돼지 바지가랑이만 잡고 하소연할거니!!!	
문 대통령 "한반도 정세 전환하려고 했던 김정은의 결단·노력 잘 안다"	삶은 소대가리 맞고요	
문 대통령 "한반도 정세 전환하려고 했던 김정은의 결단·노력 잘 안다"	김구선생은 헛것만 쫒아가다 이용당하고 죽임당했지. 그게 지금의 이북 정권이야아직도	
문 대통령 "한반도 정세 전환하려고 했던 김정은의 결단·노력 잘 안다"	핵무기 10~20기 더 늘렸다는데 비핵화에 정으니가 노력을 해? ㅋㅋㅋㅋㅋㅋㅋㅋㅋㅋㅋㅋㅋㅋㅋㅋㅋㅋㅋㅋㅋㅋㅋㅋㅋㅋㅋㅋㅋㅋㅋㅋㅋㅋㅋㅋㅋㅋㅋㅋ	
문 대통령 "한반도 정세 전환하려고 했던 김정은의 결단·노력 잘 안다"	야 미친 재앙아~!!!!!!! 달창 재앙아~!!!!!! 그냥 북으로 가서 어린 돼지새기 후장을 빨아 줘 그냥~!!!!!	
문 대통령 "한반도 정세 전환하려고 했던 김정은의 결단·노력 잘 안다"	야이 모지리야 ㅋㅋㅋ 냉면 한번 같이 먹었다고 절친됐냐	
문 대통령 "한반도 정세 전환하려고 했던 김정은의 결단·노력 잘 안다"	180석 부정선거로 만들어진 가짜의원. 가짜대통령. 가짜의회. 이 나라는 모든게 가짜됨	
문 대통령 "한반도 정세 전환하려고 했던 김정은의 결단·노력 잘 안다"	평화는 개뿔. 남북 모두 중국에 갖다 바치려 술수 부리는거지. 중국몽 환자색히.	
문 대통령 "한반도 정세 전환하려고 했던 김정은의 결단·노력 잘 안다"	울산 선거 개입, 한국 경제 초토화, 예산 낭비, 부정선거..... 문재인 사형!	
문 대통령 "한반도 정세 전환하려고 했던 김정은의 결단·노력 잘 안다"	문재인 탄핵이 더 시급하다(공감) vs 김정은 버르장머리 고치는게 더 시급하다(비공감)	
문 대통령 "한반도 정세 전환하려고 했던 김정은의 결단·노력 잘 안다"	윤미향의 정의연 사건은??? 거액의 자금세탁이 현 살아계신 분의 통장으로 이뤄졌다고 증언했는데??? 5천만원 기부금 조차도 기부자 명단에서 빠졌다고 하는데???	
문 대통령 "한반도 정세 전환하려고 했던 김정은의 결단·노력 잘 안다"	윤미향이는 요즘 뭐하노	
문 대통령 "한반도 정세 전환하려고 했던 김정은의 결단·노력 잘 안다"	이시점에 무슨 개소리냐	
문 대통령 "한반도 정세 전환하려고 했던 김정은의 결단·노력 잘 안다"	이게 무슨....자화자찬이네...북한의 꾀에 넘어 간거 아니였나...	
문 대통령 "한반도 정세 전환하려고 했던 김정은의 결단·노력 잘 안다"	김정은이 인민들 몇백만굶겨죽인  살인마인데 전세계가다아는사닐  문재인만 모르나보다	
문 대통령 "한반도 정세 전환하려고 했던 김정은의 결단·노력 잘 안다"	이게 뭔 갸소리야? ㅡ.ㅡ	
문 대통령 "한반도 정세 전환하려고 했던 김정은의 결단·노력 잘 안다"	제정신 아니네 구걸좀 그만해라	
문 대통령 "한반도 정세 전환하려고 했던 김정은의 결단·노력 잘 안다"	대통령직에서 하야하고 북한으로망명하라 아오지 탄광서 반성 하시길다 당신 탓 문재인  탓 이오.	
문 대통령 "한반도 정세 전환하려고 했던 김정은의 결단·노력 잘 안다"	대체 김정은 대변인에 180석 몰아준 대한민국 클라쓰	
문 대통령 "한반도 정세 전환하려고 했던 김정은의 결단·노력 잘 안다"	그래서 어르신들이 문제인 대통령되면 큰일난다고 나라가 빨갱이 된다고들 하셨구나 !!!!	
문 대통령 "한반도 정세 전환하려고 했던 김정은의 결단·노력 잘 안다"	부정 선거 의혹이나 좀 밝히시죠?	
문 대통령 "한반도 정세 전환하려고 했던 김정은의 결단·노력 잘 안다"	멍충이...말미잘 해삼...모지리...ㅉㅉㅉ 한나라의 수장이 저게 뭐하는짓인지...	
문 대통령 "한반도 정세 전환하려고 했던 김정은의 결단·노력 잘 안다"	문재앙 주제 모르고 김정은한테 직접 말거네. 문재앙 클라쓰는 옥류관 주방장 급인데, 어디 중간단계 싹 건너뛰고 백두혈통 최고존엄한테 주뎅이 터는거임? 재앙이 진짜 정신 나감?	
문 대통령 "한반도 정세 전환하려고 했던 김정은의 결단·노력 잘 안다"	정말 저 대가리속에 뭐가들었는지 궁금하다. 외계에서온 정체불명의 뇌를 가진 생명체가 아니라면 틀림없이 간첩이나 3대 세습을 독재정권 유지를 위해 목슴바치기로 맹세한 똘마니로 밖에 볼 수 없다.	
문 대통령 "한반도 정세 전환하려고 했던 김정은의 결단·노력 잘 안다"	아...진짜 얘는 말귀를 못 알아듣는갑네..사오정이야ㅡㅡ	
문 대통령 "한반도 정세 전환하려고 했던 김정은의 결단·노력 잘 안다"	북한이 좋으면 북한 가서 살아 이새끼야 왜  남한에서 발광이야	
문 대통령 "한반도 정세 전환하려고 했던 김정은의 결단·노력 잘 안다"	제일 기품없는 대통령 그래서 대통령같지도않음 역대대통령보면 제일 안어울리더라	
문 대통령 "한반도 정세 전환하려고 했던 김정은의 결단·노력 잘 안다"	그러니까 김돼지가 한반도 평화를위해 무얼노력했고 무얼 결단했는지 나열해봐	
문 대통령 "한반도 정세 전환하려고 했던 김정은의 결단·노력 잘 안다"	사이코패스같은 공감능력x도없는 ㅃㄱㅇ	
문 대통령 "한반도 정세 전환하려고 했던 김정은의 결단·노력 잘 안다"	아무리봐도 정신나간사람같다.제정신이 아니다.민주주의의 반하는 행동만 쳐 하고있다.	
문 대통령 "한반도 정세 전환하려고 했던 김정은의 결단·노력 잘 안다"	간첩문재앙 헛소리좀 그만하고 북으로 좀 가라	
문 대통령 "한반도 정세 전환하려고 했던 김정은의 결단·노력 잘 안다"	나라가 망해 가는데도  오직  정신병자를 결사 옹위하려는 대깨문들의 무식한 작태를 규탄한다	
문 대통령 "한반도 정세 전환하려고 했던 김정은의 결단·노력 잘 안다"	옥류관 주방장한테 국수 한그릇 쳐먹고 요사 떤다고 한소리나 듣고, 그 국수 한그릇 먹고 탱크 저지물 없애고, GP빼고하더니 전쟁 위협은 콱 올려버린 문재앙, 남북관계 잘하고 있다고 거짓말까지 해대는 무능한인간 당장 기본도 없는 무능한 역대 최악의 5년제 선출 공무원	
문 대통령 "한반도 정세 전환하려고 했던 김정은의 결단·노력 잘 안다"	지나가던 개가 웃겠네 아주 포장질은 잘해?	
문 대통령 "한반도 정세 전환하려고 했던 김정은의 결단·노력 잘 안다"	니놈얘긴 김정은이가 그렇게 노력했는데도 불구하고 대북전단땜에 일이다틀어진거라는얘기지.... 진짜 강이지새끼보다 못한놈 넌똥오줌도못가리는놈!!!	
문 대통령 "한반도 정세 전환하려고 했던 김정은의 결단·노력 잘 안다"	노벨평화상이 목표입니까? 변호사출신들은 정치안했음 좋겠다..입으로 먹고사는 직업이라서  젤 싫어함.!	
문 대통령 "한반도 정세 전환하려고 했던 김정은의 결단·노력 잘 안다"	문재인의 사상이 궁금하다  이나라걱정이나해라	
문 대통령 "한반도 정세 전환하려고 했던 김정은의 결단·노력 잘 안다"	노력같은 소리하고있네요	
문 대통령 "한반도 정세 전환하려고 했던 김정은의 결단·노력 잘 안다"	어이 문씨 입 닥치고 가서 일이나해	
문 대통령 "한반도 정세 전환하려고 했던 김정은의 결단·노력 잘 안다"	비핵화라는데  퍼준다라는건 핵더만들라는거네 문재인 북한인민들  우리나라국민들도 좀생각해라	
문 대통령 "한반도 정세 전환하려고 했던 김정은의 결단·노력 잘 안다"	냉면이 아깝다	
문 대통령 "한반도 정세 전환하려고 했던 김정은의 결단·노력 잘 안다"	욕은 욕대로 먹고, 굴욕은 굴욕대로 당하고도 아무렇지 않은 척 이해해 줄테니 대화하자고 빌고 , 퍼줄테니 경협하지고 조르나? 또 미국에게 등 돌리려는 지나친 결심을 보여주면서까지 김정은에게 그렇게 깊고 애달픈 애정을 표시해야 하나? 왜 우리가 대화를 구걸하는 저자세를 취해야 하나? 냉면수모까지 당하는 대통령 쳐다보는 국민들의 상한 마음은 알기는 하나? 그리고 오만하게 야당이나 다른 국민의견은 코빼기도 보지않고 무시하는게 협치부탁이냐? 대통령다운 입장 이 아닌 그저  치적쌓기에 집착한 내용,  김정은을  잘 안다고 자랑하는 것일 뿐!	
문 대통령 "한반도 정세 전환하려고 했던 김정은의 결단·노력 잘 안다"	이상주의 대통령. 추구했던 이상이 꺽이니 얼마나 힘들겠어.. 현실주의 대통령이 되세요	
문 대통령 "한반도 정세 전환하려고 했던 김정은의 결단·노력 잘 안다"	혼자 또 소설쓰고 있네.. 이래서 글쟁이들이 문통을 지지하고 좋아하나 보네..	
문 대통령 "한반도 정세 전환하려고 했던 김정은의 결단·노력 잘 안다"	북한 사정은 그리 잘 알면서 정작 남한사정은 눈만 꿈벅꿈벅 왜그리 모르냐?	
문 대통령 "한반도 정세 전환하려고 했던 김정은의 결단·노력 잘 안다"	더이상의 기대는 하지말자. 북한은 스스로 와해되는 방법뿐이다	
문 대통령 "한반도 정세 전환하려고 했던 김정은의 결단·노력 잘 안다"	한반도 정세 전환하려고 했던 김정은의 결단·노력이 도대체 뭔데?? 문재인 눈에만 보임?? 툭하면 미사일 발사 시험에, 입에담지도 못할 막말하는게 결단. 노력임??	
문 대통령 "한반도 정세 전환하려고 했던 김정은의 결단·노력 잘 안다"	젊은 애송이한테 아부도 정도 껏 해라! - 모자란 멍청이 같단다!	
문 대통령 "한반도 정세 전환하려고 했던 김정은의 결단·노력 잘 안다"	홀로 빛나지 못하는 달이라는 말이 뭔지 이제야 와 닫는다. 그래 태양궁의 명령은 절대적이겠지.	
문 대통령 "한반도 정세 전환하려고 했던 김정은의 결단·노력 잘 안다"	이 빨갱이는 아직도 정신 못차렸네	
문 대통령 "한반도 정세 전환하려고 했던 김정은의 결단·노력 잘 안다"	노력한게 없는데 알긴 뭘알아 치매걸린 노인도 아니고	
문 대통령 "한반도 정세 전환하려고 했던 김정은의 결단·노력 잘 안다"	김정은 감싸고 빠는거 도저히 못봐주겠네	
문 대통령 "한반도 정세 전환하려고 했던 김정은의 결단·노력 잘 안다"	멍충아 이제 김여정이를 핥아 주라고......! 빨리 달려가서 냉면 한그릇 쳐먹고 싹싹 빌고 오라고~ 간 김에 주방장한테 인사도 좀 하고....	
문 대통령 "한반도 정세 전환하려고 했던 김정은의 결단·노력 잘 안다"	과연 북한이 평화를 원할까요?? 사상에 젖어있고 국민을 탄압하고, 자유롭지 못하게 하는 북한정권이 민주주의 평화를 정말 원할까요?? 굶줄이고, 인권이 유린당하는 북한주민들과는 반대로 일부극소수 지배층은 온갖 자본주의를 누리는 걸 포기할까요?? 100~200년뒤 통일을 바라는건가요?? 현실은 환상, 그리고 이념과는 너무 동떨어져 있습니다.	
문 대통령 "한반도 정세 전환하려고 했던 김정은의 결단·노력 잘 안다"	문재인정부와 북한에 부역한 더불어민주당을 차기 정권에서 심판하여 북한으로 추방해야한다고 봅니다. 북한에 저자세를 한 것은 북한에 부역한 것과 친일한것과 같다고 봅니다.	
문 대통령 "한반도 정세 전환하려고 했던 김정은의 결단·노력 잘 안다"	주방장한테 까이는 인간이.  입만살아서.  ㅠㅠㅠㅠㅠ걱정이다	
문 대통령 "한반도 정세 전환하려고 했던 김정은의 결단·노력 잘 안다"	난 진짜 아직도 문재인 민주당 지지하는 대한민국 사람들이 신기하다 ㅋㅋ	
문 대통령 "한반도 정세 전환하려고 했던 김정은의 결단·노력 잘 안다"	북한은 시간도 없다고 직접 말했고 이리저리 빨리 해가고 싶었은데 트럼프는 머리 굴리고 이슈만 만들고 결국 지지율 바닥치고 재선도 힘들고, 전세계에 코로나에 북한한테 아무도 관심없고 남한도 코로나에 집중이고 문재인 임기도 얼마 안 남았고..... 관심가져달라고 왈왈 짖는거 이해됨	
문 대통령 "한반도 정세 전환하려고 했던 김정은의 결단·노력 잘 안다"	개주접싸지말고 선거조작이나 밝혀라.  목을 날려주길넘	
문 대통령 "한반도 정세 전환하려고 했던 김정은의 결단·노력 잘 안다"	조국이 = 정경심 = 윤미향 = 황운하 = 최강욱 = 송철호 = 유재수 = 문재인??	
문 대통령 "한반도 정세 전환하려고 했던 김정은의 결단·노력 잘 안다"	혼자 딴 세상사나... 손뼉도 마주쳐야 소리가 나는 건데... 혼자 아무리 휘둘러봐라.. 소리가 나나..	
문 대통령 "한반도 정세 전환하려고 했던 김정은의 결단·노력 잘 안다"	국제사회 동의같은 소리하고 있네중국 정도나 동의해 주겠지ㅁ ㅊ	
문 대통령 "한반도 정세 전환하려고 했던 김정은의 결단·노력 잘 안다"	이새끼 미쳤나 ㅋㅋ 뭔 이 시국에 개소리를 하고 있어 ㅋㅋ	
문 대통령 "한반도 정세 전환하려고 했던 김정은의 결단·노력 잘 안다"	간첩을 대통령으로 뽑아놨다	
문 대통령 "한반도 정세 전환하려고 했던 김정은의 결단·노력 잘 안다"	하~~진짜 뭉가 넌...답이없다!!! 이런인간을 떠받들고 문비어천가를 부르는것들은 도대체 대한민국에 왜살까??그냥 북조선인민공화국에 가서 살아라!!!	
문 대통령 "한반도 정세 전환하려고 했던 김정은의 결단·노력 잘 안다"	주방장한테 욕 쳐 먹으며 나라꼴 우습게 만들고서도 김정은 바지가랑이 잡고 징징거리는 꼴이란....	
문 대통령 "한반도 정세 전환하려고 했던 김정은의 결단·노력 잘 안다"	이분이 정말 대한민국대통령이란 말인가?주관에 사로잡혀 객관적인 일처리를 못하는구나아이구 답답해	
문 대통령 "한반도 정세 전환하려고 했던 김정은의 결단·노력 잘 안다"	2차 재난지원금이나 좀 줄생각이나해라 니들이 돈준다해서 민주당 찍었으니까 더 내놔라 돈 다 떨어졌다 직장 다니는 문빠들한테 세금 더 걷으면 불만도 없고 잘한다 할건데 왜 안주냐	
문 대통령 "한반도 정세 전환하려고 했던 김정은의 결단·노력 잘 안다"	(내가 보기에) 문재인은 한국 사람 아니다 생김새부터 한국 사람이 아님 출생도 한국이 아닐 것이고 핏줄도 한국이 아닌 중국 소수민족일 것 같음 그러니 저런 반국가적 말과 행동을 태연하게 할 수 있는 것임	
문 대통령 "한반도 정세 전환하려고 했던 김정은의 결단·노력 잘 안다"	제발 플리즈 문재앙 너 혼자만 월북하면 끝나 니 똘마니들도 데려가면 땡큐고 제발 부탁한다	
문 대통령 "한반도 정세 전환하려고 했던 김정은의 결단·노력 잘 안다"	미사일 쏴대는 노력은 열심히 했지	
문 대통령 "한반도 정세 전환하려고 했던 김정은의 결단·노력 잘 안다"	결단·노력은 좌파들 이용 하는거지... 핵무기35기 이상 보유 하고 있는데 남한은 그냥 조공이 바치는 소국으로 보는 거지. 핵 보유국가들 생각 하고 식민지근성 대한민국 하고 비교 불가 ......그렇게 꼬면 핵무장을 하던가...	
문 대통령 "한반도 정세 전환하려고 했던 김정은의 결단·노력 잘 안다"	얼르고 달래고... 무슨 북한 김정은은 왕이고 대한민국은 신하냐?? 왜 이리도 굴욕적이냐? 그렇게 굽신거려서 여지껏 얻은게 무었이고... 앞으로 얻을게 뭐가 있는가?? 그건 배신... 동맹국으로 부터의 왕따만이 남을 것이다... 나라를 감상주의적으로 운영하면 되겠는가?? 엄연한 역사와 현실을 직시햐라...누가 혈맹이고... 누가 적인지...ㅉㅉ	
문 대통령 "한반도 정세 전환하려고 했던 김정은의 결단·노력 잘 안다"	아.. 겨레라는 말 좀 쓰지마라 겁나 운동권 티내네	
문 대통령 "한반도 정세 전환하려고 했던 김정은의 결단·노력 잘 안다"	진짜 재대로 미쳤다	
문 대통령 "한반도 정세 전환하려고 했던 김정은의 결단·노력 잘 안다"	아이고 저XX	
문 대통령 "한반도 정세 전환하려고 했던 김정은의 결단·노력 잘 안다"	비핵화 외에는 없다. 노력은 무슨	
문 대통령 "한반도 정세 전환하려고 했던 김정은의 결단·노력 잘 안다"	김정은이 손에 놀아나는  이 아둔한 사람 뉴구~~ 믿을넘을 믿어야지 그러니까 전략도 전술도 없이 무지하게되는거야~~동네바보도 아니고 국제바보인가 하기사  대통령도 없는 나라에 정상회담하러가질안나 중국가서는 면서기 같은놈이나오고 혼밥에다가  이런 일련의 상황을보면 보통어리버리한게 아니다 준비안된 대통령	
문 대통령 "한반도 정세 전환하려고 했던 김정은의 결단·노력 잘 안다"	엄마가 부칸에 있나???	
문 대통령 "한반도 정세 전환하려고 했던 김정은의 결단·노력 잘 안다"	정신좀 차려라.제발.문통아	
문 대통령 "한반도 정세 전환하려고 했던 김정은의 결단·노력 잘 안다"	이러한 무리들에게 정권을 쥐어준 자들은 반듯이 큰 댓가를 치룰거다	
문 대통령 "한반도 정세 전환하려고 했던 김정은의 결단·노력 잘 안다"	핵무기 개발 계속 진행중인데 김정은이 무슨 노력을 했다는거냐? 돈 떨어지면 군사협박해서 돈 뜯어내는 양아치한테 돈 대줄 생각 뿐이지?	
문 대통령 "한반도 정세 전환하려고 했던 김정은의 결단·노력 잘 안다"	김정은 살아있는거 맞음	
문 대통령 "한반도 정세 전환하려고 했던 김정은의 결단·노력 잘 안다"	성인군자 인척 하지마라. 인격적으로 성숙한 것처럼 굴지마라. 국익 과 국격을 염두핵두고 행동하라. 황소가 뒷솔음치다 쥐를 잡을수 있다.  그러나 니가 대책없이 삶은소대가리 처롬 행세해 봐야 노벨상은 받지 못한다. 부정선거 파헤쳐서 민주주의 바로 세웁시다	
문 대통령 "한반도 정세 전환하려고 했던 김정은의 결단·노력 잘 안다"	문대통령은 이상주의자,  북한 김정은은 그런 이상주의자를 손바닥 윙니ㅣ서 가지고놀고 있는  똑똑한 놈.	
문 대통령 "한반도 정세 전환하려고 했던 김정은의 결단·노력 잘 안다"	됐고  냉면 처먹으면서 무슨 개.소릴 햇는지 안햇는지만 말해라  주방장님이  매우 노여워 하고 계신다	
문 대통령 "한반도 정세 전환하려고 했던 김정은의 결단·노력 잘 안다"	참말로 지금의 대한민국 대통령은 어느나라 대통령인지 질문을 던져봅니다.	
문 대통령 "한반도 정세 전환하려고 했던 김정은의 결단·노력 잘 안다"	꿈과 현실에서 꿈을 택한 정신이상주의자	
문 대통령 "한반도 정세 전환하려고 했던 김정은의 결단·노력 잘 안다"	당신은 어느나라 대통령 입니까??	
문 대통령 "한반도 정세 전환하려고 했던 김정은의 결단·노력 잘 안다"	대통령 왜 하고 있는지 전혀 모르겠다 자기 생각이 없어	
문 대통령 "한반도 정세 전환하려고 했던 김정은의 결단·노력 잘 안다"	염장을 지르네	
문 대통령 "한반도 정세 전환하려고 했던 김정은의 결단·노력 잘 안다"	빨갱이들의 주무기는 핵이 아니고 거짓말이다. 그런 빨갱이들하고 뭔 합의를 하냐?	
문 대통령 "한반도 정세 전환하려고 했던 김정은의 결단·노력 잘 안다"	김정은한테 그 모욕을 당하고도 저러다니 자존심도 없냐? 수치심은 국민의 몫이네	
문 대통령 "한반도 정세 전환하려고 했던 김정은의 결단·노력 잘 안다"	국제사회의 동의를 얻는 노력이라...미국에서 초청한 각국 정상들 모인데서 눈치없게 이상한 소리하는건 아니겠지? 제발 입다물고 있기를;;;	
문 대통령 "한반도 정세 전환하려고 했던 김정은의 결단·노력 잘 안다"	넌 김정은이한테 철저히 이용당한 거야... 나이가 그만큼이면서 그정도 지혜도 없냐?	
문 대통령 "한반도 정세 전환하려고 했던 김정은의 결단·노력 잘 안다"	문재인씨보다 김정은이 머리가 더 잘돌아가는데요.. 그러니 김정은이 당신을 갖고 놀지... 국제관계는 힘있는 나라에 약하고.. 약한나라엔 강한법인데... 혼자 딴 세계 그림을 그리고 있으니.	
문 대통령 "한반도 정세 전환하려고 했던 김정은의 결단·노력 잘 안다"	순진한 노인네 ㅉㅉ	
문 대통령 "한반도 정세 전환하려고 했던 김정은의 결단·노력 잘 안다"	재앙아 재앙아 네정수기 데리고  태평양  돌달고 풍덩하거라.	
문 대통령 "한반도 정세 전환하려고 했던 김정은의 결단·노력 잘 안다"	벨도없냐?  냉면얻어먹으려구 요사떤다는 추잡한 소리를 듣고도 아무렇지도않으척ㅠ 참 그놈의 속은 도대체 어떻게 생겨먹었기에 자존심도없고 어이없다! 국민 울화병생기게 하고있네	
문 대통령 "한반도 정세 전환하려고 했던 김정은의 결단·노력 잘 안다"	국민혁명이 절실한때  제발 국민들 더이상속지말고일어나라	
문 대통령 "한반도 정세 전환하려고 했던 김정은의 결단·노력 잘 안다"	머슴이 상전한데 " 결단. 노력 잘안다?" ㅋㅋㅋㅋㅋ 머슴이면 머슴답게 굴어야지. 이건 누가봐도 빼도 박도 못하는 주종관계인데, 어디서 노예 주제에 주인과 겸상을 하려고 해....ㅋㅋ 평화(?).....삶은 소.대.가.리가 웃겠다...ㅋㅋㅋㅋㅋㅋ 진.짜 정신승리 오지지...유체이탈 화법이 절정에 달했네....ㅋㅋ 넌 머슴.....정으니는 상전.... 노예면 노예답게 굴어...우선 본인이 지금 어떤 위치인지 어디 서 있는지 주체파악부터 해야 안될겠냐!!	
문 대통령 "한반도 정세 전환하려고 했던 김정은의 결단·노력 잘 안다"	안돼..더이상 돈주지마.. 니네 나라는 니네가 스스로 꾸려가야지 돈 자꾸 달라고 보채면안된다	
문 대통령 "한반도 정세 전환하려고 했던 김정은의 결단·노력 잘 안다"	문제는 소설을 써도 혼자쓰고있다는게문제다. 문제야 문재...	
문 대통령 "한반도 정세 전환하려고 했던 김정은의 결단·노력 잘 안다"	대통령은 국민이 심각하게 양분된 이유는 몰라도 되고, 김정은이 노력한건 안데.참 북한한텐 당하면서도배려도 넘쳐 이해심도 깊어.	
문 대통령 "한반도 정세 전환하려고 했던 김정은의 결단·노력 잘 안다"	김정은을 생각하는 반만이라도 우리나라 국민들을 생각해줬으면 하는 바램이 있네.. 대한민국 대통령 맞나요?	
문 대통령 "한반도 정세 전환하려고 했던 김정은의 결단·노력 잘 안다"	북돼지의 노력이 미사일 실험 핵미사일 추가 생산을 의미 한다면 맞는 말. 아무래도 문제인씨는 북한편인 것 같음	
문 대통령 "한반도 정세 전환하려고 했던 김정은의 결단·노력 잘 안다"	이미 남북은 하나다.... 문재인은 노동당 남측본장. 우리 국군은 인민군 제2군단...우리 국민은???	
문 대통령 "한반도 정세 전환하려고 했던 김정은의 결단·노력 잘 안다"	냉면 얻어 처 먹고  죽사발라고 아직도 정신 못 차린 문제인씨	
문 대통령 "한반도 정세 전환하려고 했던 김정은의 결단·노력 잘 안다"	대변인 답습니다.	
문 대통령 "한반도 정세 전환하려고 했던 김정은의 결단·노력 잘 안다"	참으로 교묘한 말이다.북한이 핵을 포기하겠는가?문재인은 김정은은 비핵화를 위해 노력했으나 군부강경파 등에 의해서 좌절된 것일 뿐이라고... 변명의 여지를 만들어 놓았다.김정은이 개인의 자유,국가원수 임기제 같은 걸 받아들일 수 있을까?그렇게 되면 자신의 운명이 파리 목숨인데?자기 밑에 있던 수 많은 사람을 죽인 인간백정을 어떻게 이렇게 감싸고 도는지 도저히 이해가 안된다.김정은 입에서 나오는 말은 모두 진리이고 진실인가?그렇게 생각하는 종자의 뇌엔 뭐가 들었을까?	
문 대통령 "한반도 정세 전환하려고 했던 김정은의 결단·노력 잘 안다"	이제 좀  바뀌실때도  된듯  하신데요??국민은  차라리  도발하면  전쟁하자고  하는데..국가  수장인 대통령께서  계속  이러시면  국민들은  어찌합니까...북한은  이미  동포가  아닌  그냥  적입니다..남보다  못한 ㅡㅡ	
문 대통령 "한반도 정세 전환하려고 했던 김정은의 결단·노력 잘 안다"	통합당.의원들은.그깐.의원직버리고.국민속으로.나와라.바보갖은.얼간이들.용기도없는.바보천치들.국민가.의원직을.선택하거라.자유민주주의는.바로.용기에.있다.못난.통합당의원들아.	
문 대통령 "한반도 정세 전환하려고 했던 김정은의 결단·노력 잘 안다"	전쟁은 하고 싶다고 하고, 안하고 싶다고 안일어나는것이 아니며, 힘의 균형이 깨졌을시 일어나는바, 전쟁방지를 위해서도 한미 동맹강화  및 북핵 대응전력 확보로 힘의 우위를 지속유지해야만  지속적 평화가 가능함. 힘의 우위를 바탕으로 지속적으로 북한의 개혁.개방  및 북한주민의 자유와 인권 신장을 요구해야만 남북 관계가 건설적으로 발전하고, 향후 평화통일의 기반이될수 있으나, 평화를 구걸하는것은 국민의 자존심을 해치고 오히려 전쟁을 초래할수 있는 최악의 하수임.	
문 대통령 "한반도 정세 전환하려고 했던 김정은의 결단·노력 잘 안다"	정신 빠진 소리 그만 하소~그놈의 5.18 정신과 6.15정신이 뭐길래 립서비스로 국난을 해결하겠다는건가? 정치 사깃꾼들이 서로 주고 받으며 지들끼리 잘해먹자고 야합한게 6.15 정신 아닌가베~뻘소리 집어 치고 도발시 정밀타격할 준비나 하시게나~그것도 못하겠으면 직을 내려놓아야지~국민은 무지러기를 대통령 자리에 안 앉혔다~	
문 대통령 "한반도 정세 전환하려고 했던 김정은의 결단·노력 잘 안다"	집착도 아니고....온전한 정신은 아닌 듯....	
문 대통령 "한반도 정세 전환하려고 했던 김정은의 결단·노력 잘 안다"	사각김밥~ 주근깨 누나~ 나는 공산당이 싫어요!!!	
문 대통령 "한반도 정세 전환하려고 했던 김정은의 결단·노력 잘 안다"	나라 망신  다 시키는  문죄인     부끄럽다      저자세   굴욕    구걸  쯧쯧	
문 대통령 "한반도 정세 전환하려고 했던 김정은의 결단·노력 잘 안다"	한마디로 病神이다.	
문 대통령 "한반도 정세 전환하려고 했던 김정은의 결단·노력 잘 안다"	아직도 뭔 개소리야 ㅋㅋㅋㅋㅋ	
문 대통령 "한반도 정세 전환하려고 했던 김정은의 결단·노력 잘 안다"	문재인 김정은의 평화쇼에 대해서 국민들도 잘안다. 헛짓거리 그만해라. 거짓평화쇼로 국민들 기만해온거 사죄해라.	
문 대통령 "한반도 정세 전환하려고 했던 김정은의 결단·노력 잘 안다"	어이 정신못차리는 문씨 김칫국 드링킹 시원하소?	
문 대통령 "한반도 정세 전환하려고 했던 김정은의 결단·노력 잘 안다"	미치겠다 진짜 빨갱이 대통령 일본엔 개지x지이잉랄 여어엄병 북괴엔 한없는 저자세 ㅋ	
문 대통령 "한반도 정세 전환하려고 했던 김정은의 결단·노력 잘 안다"	문재인 진짜 좀 어디 모질한거 맞는듯	
문 대통령 "한반도 정세 전환하려고 했던 김정은의 결단·노력 잘 안다"	보내주는 돈 가지고 숨어서 핵 탄두 35개 만드냐고 얼마나 노력을 했겠습니까?	
문 대통령 "한반도 정세 전환하려고 했던 김정은의 결단·노력 잘 안다"	왜 국민이 불안해하고 굴욕적으로 느낀다는 사실은 모르죠..?	
문 대통령 "한반도 정세 전환하려고 했던 김정은의 결단·노력 잘 안다"	한쪽은 돈을위해 평화쇼를한거고....한쪽은 순전히 선거용으로 평화쇼를한거고...둘다 민족을생각하지않았다....진짜 민족을위해서였으면 핵을포기하고 경제적인 교류를했겠지...	
문 대통령 "한반도 정세 전환하려고 했던 김정은의 결단·노력 잘 안다"	뭘 했는데 정은이 똥꼬를 이리도 핥을까? 지금까지 개돼지가 한 건 아무것도 없구만. 핵심인 비핵화와 관련해서 뭘 했냐? 갱도 폭파? ㅋ 입구 폭파했다고 그 갱도를 못쓰냐? 어리석긴	
문 대통령 "한반도 정세 전환하려고 했던 김정은의 결단·노력 잘 안다"	삶은  소 대가리가, 젊은  정은이  한테  쌰데기  처  맞고  미안하다고  사과  하고 자빠졌네~^^	
문 대통령 "한반도 정세 전환하려고 했던 김정은의 결단·노력 잘 안다"	기왕 똥 쌀꺼 거~하게 싸고 퇴임하세요. 끝까지 지켜보겠습니다.	
문 대통령 "한반도 정세 전환하려고 했던 김정은의 결단·노력 잘 안다"	기자양반ㆍ문할배기사안올리면안되나요?우와혈압올라온다 ㆍ도대체어느나라대통령인지~모든지ㆍ정도가있는데ㆍ이사람은오로지 ㆍ기승전결북한이네ㆍ대한민국국민이뽑아놨더니ㆍ북한대변인놀이만하고있네ㆍ어휴속터져	
문 대통령 "한반도 정세 전환하려고 했던 김정은의 결단·노력 잘 안다"	이런 짓거리를 보고 바로 스토킹이라고 합니다. 정은이는 니가 싫은데 너만 본드처럼 달라붙은거예요.	
문 대통령 "한반도 정세 전환하려고 했던 김정은의 결단·노력 잘 안다"	저 사진 암만 봐도 김정은이 아닌데..	
문 대통령 "한반도 정세 전환하려고 했던 김정은의 결단·노력 잘 안다"	걍 북으로 꺼지쇼~!!!	
문 대통령 "한반도 정세 전환하려고 했던 김정은의 결단·노력 잘 안다"	이 인간이 대체 뭔 소리를 하는거야 ㅋㅋㅋ 설마 진짜 북한과 경협해서 일본을 이기겠다는 그 정신나간 미친 소리를 진지하게 믿고 했던거야? ㅋㅋㅋ	
문 대통령 "한반도 정세 전환하려고 했던 김정은의 결단·노력 잘 안다"	그니까 북한에 그노력이 헛되지 않게 말 좀 하라고..갸들이 깨고있는거자나. 자국민들에게만 이래라 저래라...실상 북에다 해야할말들이자나. 근데 거기엔 찍소리도 못하면서. 쯧쯧	
문 대통령 "한반도 정세 전환하려고 했던 김정은의 결단·노력 잘 안다"	좀 이상한게... 김일성, 김정일 모두 남북관계 평화와 협력의 길로 들어서려는 순간 갑자기 세상을 떳다... 김정은도 마찬가지... 그간 남북관계 개선되는 와중에 결국 언론에서 사라지더니... 갑자기 아프다 어떻다고 하면서.. 잘 보이지않고... 아무래도 북한 군부세력이 아직은 실세로 행사를 하고 있는 듯.... 김여정도 결국 실세인 군부세력에 꼼짝달싹 못하고 예네들이 하라는 대로 하고 있는 듯.... 그참 걱정이네...	
문 대통령 "한반도 정세 전환하려고 했던 김정은의 결단·노력 잘 안다"	저런걸 대통령이라고 뽑았으니 암담하네	
문 대통령 "한반도 정세 전환하려고 했던 김정은의 결단·노력 잘 안다"	영감탱이 머하냐 지금? 심파극찍나?	
문 대통령 "한반도 정세 전환하려고 했던 김정은의 결단·노력 잘 안다"	심각하다 저 정도면 정신감정종 받아봐야되는거 아닌가?임기 끝나면 북한에서 살려고 그러나 뭐 저렇게 못줘서 안달이야 제발 정신좀 차려라 재앙씨	
문 대통령 "한반도 정세 전환하려고 했던 김정은의 결단·노력 잘 안다"	일본과의 합의도 마음에 안든다고 헌신짝 버리듯 파기한 정권이 적과 한 약속을 지키라고 한다는 게 어째 가당치나 한 소리인가??  대한민국 국민들은 제발 감성쇼에 속아서 이성을 잃지 않았으면 한다	
문 대통령 "한반도 정세 전환하려고 했던 김정은의 결단·노력 잘 안다"	당신이 혼자 가셔 쇼를 한거지, 언제 우리 국민이 약속했냐? 당신이 혼자 질러놓고 왜 국민을 팔아먹누?	
문 대통령 "한반도 정세 전환하려고 했던 김정은의 결단·노력 잘 안다"	일편단심. 짠~ 하다.	
문 대통령 "한반도 정세 전환하려고 했던 김정은의 결단·노력 잘 안다"	아이고,  정신이 외출했구만... 3대째 대를 이어 정권잡은 애가 퍽도 핵을 포기하겠다  그걸 믿었니?  바보아냐?  북한 김씨조선은 절대 핵을 포기 안해.  억만금을 싸줘도 잡은 정권을 내 놓는 것과 같은 핵을 포기하냐고..  저 돼지시키를 믿는 바보는 대한민국에 집권자 밖에 없는 걸 왜 모르니?	
문 대통령 "한반도 정세 전환하려고 했던 김정은의 결단·노력 잘 안다"	배려심도 깊으시네... 국민의 마음을 그렇게 헤아려주지	
문 대통령 "한반도 정세 전환하려고 했던 김정은의 결단·노력 잘 안다"	김대중, 노무현과는 비교도 안되는 감성팔이 동네 이장 수준...	
문 대통령 "한반도 정세 전환하려고 했던 김정은의 결단·노력 잘 안다"	돈뭉치 북으로 또 올라가겠네	
문 대통령 "한반도 정세 전환하려고 했던 김정은의 결단·노력 잘 안다"	저 인간 다 쇼~! 궁극의 목표는 공산화된 연방제 국가에서 나눠먹기 식 장기집권야옥! 부정선거를 분명히 표방하고 개헌을 저지하여야 대한민국이 살아난다! 정신차려라! 국민들아! 티비에서 나오는 모든 뉴스와 언론은 거짓말 투성이다.	
문 대통령 "한반도 정세 전환하려고 했던 김정은의 결단·노력 잘 안다"	합의문? 7.4성명이 박정희때 부터 지금까지  지켜온것 없다. 희망을 꿈꾼것은  남쪽이었고  북은 철저히 자기들체제 입맛으로 활용 했을뿐이다. 평창, 판문점 , 하노이는 쇼를 보여 주었고 북과 남 그리고 미국은 서로에 정권에 도움되는 것만 했을뿐이다 . 이 정권은 아직도 북에 소리를 듣지 않고 보지 않고 동상이몽 처럼 말을 한다 . 평화는 오지 않고 앞으론  더 위협적으로 핵을 갖추고 남쪽으로  적대시 할것이다. 이나라에  위정자 위선자들이  사라지지 않는 이상 북에 횡포는 계속 될것이다 .강한 대처가 필요하다	
문 대통령 "한반도 정세 전환하려고 했던 김정은의 결단·노력 잘 안다"	문재인 무능. 그냥 하야하고 북한가서 행복하게 사시길 바랍니다. 8천만이 좋아해줄겁니다.	
문 대통령 "한반도 정세 전환하려고 했던 김정은의 결단·노력 잘 안다"	치매걸린거같은데 좀 아구지 처맞아야될듯	
문 대통령 "한반도 정세 전환하려고 했던 김정은의 결단·노력 잘 안다"	아침마다 하나님께 이렇게 찬양을 했으면 벌써 통일이 됐겠다!!!! 이들은 도대체 남의 이목은 전혀 생각도 않는구나. 오직 오직 그들의 주를 향한 찬양만 하는구나 !!!	
문 대통령 "한반도 정세 전환하려고 했던 김정은의 결단·노력 잘 안다"	간첩이야  간첩	
문 대통령 "한반도 정세 전환하려고 했던 김정은의 결단·노력 잘 안다"	아침부터 빡도네~문딩이 없는 세상에서 살고 싶다	
문 대통령 "한반도 정세 전환하려고 했던 김정은의 결단·노력 잘 안다"	문재인 어디 대통령이냐진짜 ㅋㅋ북한으로 가세요 북한 좋으면~	
문 대통령 "한반도 정세 전환하려고 했던 김정은의 결단·노력 잘 안다"	북괴의 사기전술전략을 믿어?  바보야 뭐야?	
문 대통령 "한반도 정세 전환하려고 했던 김정은의 결단·노력 잘 안다"	문씨는 아직도 김정은이를 열심히 빨아대고 있는중..... 국제관계는 국익에 따라 움직이는거지, 대통령이고 수령이고 개인적인 감정으로 되는게 아니지!  그야말로 아는게 하나도 없는 무능아.	
문 대통령 "한반도 정세 전환하려고 했던 김정은의 결단·노력 잘 안다"	정말 정확한 명칭은 노무현친구 문재인이 딱이다. 박정희딸 박근혜가 딱이고. 이두명이 같은 클래스인걸 청문회 할때 안보였다면 개돼지 인증이다	
문 대통령 "한반도 정세 전환하려고 했던 김정은의 결단·노력 잘 안다"	아직도 북한 치켜세우고 알아서 기는 자세 나오네.얘는 이러는 목적이 뭘까?	
문 대통령 "한반도 정세 전환하려고 했던 김정은의 결단·노력 잘 안다"	그렇게 욕하는데 이 정도면 정신병자 아닌가?	
문 대통령 "한반도 정세 전환하려고 했던 김정은의 결단·노력 잘 안다"	헛소리도 자꾸하면 치매란얘기듣는다.뭔 김정은이 정세전환하려했다는거요.핵은 보유하고돈은 돈대로 받아챙길려고 개수작부렸지.문재앙당신은 알면서도 돈갖다 바칠려고 했고.미국때문에 어쩌지못했으면.매국노	
문 대통령 "한반도 정세 전환하려고 했던 김정은의 결단·노력 잘 안다"	8000천만 국민애서 나는빼라  난동의한적없다  쩝쩝아	
문 대통령 "한반도 정세 전환하려고 했던 김정은의 결단·노력 잘 안다"	이 나라 대통령이라면서 눈에는 북한만 보이고 머리속에는 정은이 뿐인갑네	
문 대통령 "한반도 정세 전환하려고 했던 김정은의 결단·노력 잘 안다"	김정은일당들과 협력하려고 했던것부터 잘못된 일이었어	
문 대통령 "한반도 정세 전환하려고 했던 김정은의 결단·노력 잘 안다"	난 북한놈들 꼴도 보기싫어생떼쓰는인간들 문빠 민주노총과 북한애들	
문 대통령 "한반도 정세 전환하려고 했던 김정은의 결단·노력 잘 안다"	대통령 한명 잘못뽑아서 온나나가 풍지박살나는구나 국민들은 개고생하고	
문 대통령 "한반도 정세 전환하려고 했던 김정은의 결단·노력 잘 안다"	그지 미사일 수없이 날리고 전방초소 조준사격하며 정은이가 노력많이 했지	
문 대통령 "한반도 정세 전환하려고 했던 김정은의 결단·노력 잘 안다"	한국을 짱깨 공산당에 파는거처럼...대북사업단...지분의 대부분이 짱깨 공산당의 것...북한도 팔아 넘겨 한반도를 짱깨 공산화 하려했던...민족의 배신자들은 곧 처분을 받을꺼다...그래서 북한도 네들이 싫다고 하더라...짱깨 매국노 빨갱이들...ㅎ	
문 대통령 "한반도 정세 전환하려고 했던 김정은의 결단·노력 잘 안다"	정말 한심하다못해 딱하다맨날 뜬구름잡는소리만 하지말고 상황에맞는 맥잡는 소리를 해라!! 못하나?이래도 문재인 지지하는사람들은 어떤생각인거에요?	
문 대통령 "한반도 정세 전환하려고 했던 김정은의 결단·노력 잘 안다"	같은 국민인 야당과 1인 독재자를 바라보는 마음과 눈빛이 어찌 그리 반대이신가요? 그런 넓은 포용력이라면 야당도 따스하게 안아주고 협치를 이끌어내셔서 부국으로 갈수 있을듯 합니다. 제가 보기엔 김정은은 대통령님을 이용할뿐이지 절대 호의적이지 않습니다. 승자의 미덕과 배려로 국민통합 이끌어주세요.	
문 대통령 "한반도 정세 전환하려고 했던 김정은의 결단·노력 잘 안다"	미,북에 운전자 노릇 제대로 못하고, 단독으로 대북제재도 못 푸니까~~~대북 경협이고 뭐고 헛소리 하지 말고 미국 몰래 돈이나 상납하라는 것	
문 대통령 "한반도 정세 전환하려고 했던 김정은의 결단·노력 잘 안다"	항복하고 만세부르고 갖다줘라.냉면을 같이먹던.짜파구리를 정은이 남매랑 먹든 관심없다..정말 면상 보기싫다	
문 대통령 "한반도 정세 전환하려고 했던 김정은의 결단·노력 잘 안다"	한나라 대통령이 되서는 몇번 보지도 않은 김정은에 대해서는 그리 잘 알고 파악하면서 우리나라 국민들의 마음은 왜 못 헤아리냐 어느나라 대통령인지	
문 대통령 "한반도 정세 전환하려고 했던 김정은의 결단·노력 잘 안다"	정은이한테 구라친게 뽀록나는구먼  ㅋㅋㅋ	
문 대통령 "한반도 정세 전환하려고 했던 김정은의 결단·노력 잘 안다"	하는소리마다 왜이리도 미운짓만하는지 모르겠네요....	
문 대통령 "한반도 정세 전환하려고 했던 김정은의 결단·노력 잘 안다"	ㅋ 북한일에 ㅈㄴ 관심많아 미향이부터좀 어떻게해줘~~	
문 대통령 "한반도 정세 전환하려고 했던 김정은의 결단·노력 잘 안다"	아주 비굴하게 구걸을...	
문 대통령 "한반도 정세 전환하려고 했던 김정은의 결단·노력 잘 안다"	애처롭다~짝사랑~	
문 대통령 "한반도 정세 전환하려고 했던 김정은의 결단·노력 잘 안다"	도데체 어디까지 비굴하게구는모습을 봐야하나..화난다 이런게 대통령이라는게	
문 대통령 "한반도 정세 전환하려고 했던 김정은의 결단·노력 잘 안다"	윤미향 기사 쏙 들어가고 북한 기사 도배되고 있다. 북한 지령인가	
문 대통령 "한반도 정세 전환하려고 했던 김정은의 결단·노력 잘 안다"	정신은 어디다 두고 저런 소릴 하는지. 북한의 위협적 발언에 고작 한다는 말이 그것인가? 협박 받는 국민의 자존심은 그냥 자루에 쳐 넣고 듣고만 있어야 하나?	
문 대통령 "한반도 정세 전환하려고 했던 김정은의 결단·노력 잘 안다"	오줌똥을 질질싸는구나~~정신없지 저정신이있겠니 이게 나라냐~~~아침부터  열나네 시부탱~~	
문 대통령 "한반도 정세 전환하려고 했던 김정은의 결단·노력 잘 안다"	지랄로 풍년이다 지조상이 북출신이라  그런지  고향이  그립냐	
문 대통령 "한반도 정세 전환하려고 했던 김정은의 결단·노력 잘 안다"	이 말을 어떻게 생각해야 되는건지. 어이가 없다.	
문 대통령 "한반도 정세 전환하려고 했던 김정은의 결단·노력 잘 안다"	멍청한줄 알았는데. 지금보니 지목소리다저거.최근 골수사회주의자 발언을 계속해대고있다. 나는 주사파의 허수아비정도로 생각했는데. 나 진짜 이제 확실해짐.	
문 대통령 "한반도 정세 전환하려고 했던 김정은의 결단·노력 잘 안다"	기가막힌다  북한을 믿어  김정은이 무슨노력을 했다는거지 문재인 치매 맞구만	
문 대통령 "한반도 정세 전환하려고 했던 김정은의 결단·노력 잘 안다"	이쯤되면 문재앙 정신병 검사받아야됨	
문 대통령 "한반도 정세 전환하려고 했던 김정은의 결단·노력 잘 안다"	욕처먹고도 아직도 그렇게 판단이 안 될까?아부하려고 작심했네.탄핵시켜라.이게 대통령이냐?	
문 대통령 "한반도 정세 전환하려고 했던 김정은의 결단·노력 잘 안다"	문재인 OUT탄핵가자 안보에데한 책임지고	
문 대통령 "한반도 정세 전환하려고 했던 김정은의 결단·노력 잘 안다"	눈물난다 눈물나 주인한테 버림받은개마냥 우리주인님은 돌아오실거야 하는게ㅋㅋ	
문 대통령 "한반도 정세 전환하려고 했던 김정은의 결단·노력 잘 안다"	정말  요즘들어 노답이 넘  많다 슬픈현실에 망막함 ㅉㅉ	
문 대통령 "한반도 정세 전환하려고 했던 김정은의 결단·노력 잘 안다"	유체이탈화법의 최종단계네	
문 대통령 "한반도 정세 전환하려고 했던 김정은의 결단·노력 잘 안다"	문재인, 생각하면 생각할수록 보면 볼수록 그냥 바보같다는 생각밖에는.......	
문 대통령 "한반도 정세 전환하려고 했던 김정은의 결단·노력 잘 안다"	와 일본한테 하는거랑 북한한테 하는거랑 완전달라. 이재용한테 하는거랑 윤미향한테하는거랑 다른것처럼. 소름.소름.소름	
문 대통령 "한반도 정세 전환하려고 했던 김정은의 결단·노력 잘 안다"	평화를 바라는건 남한뿐이구요, 북한은 돈을 원하죠.. 세상사람 다 아는걸 정작 우리 대통령이 모르시네 ㅜㅜ	
문 대통령 "한반도 정세 전환하려고 했던 김정은의 결단·노력 잘 안다"	뭐가 저리 급하지? 간첩들 업무 due  date가 있나?	
문 대통령 "한반도 정세 전환하려고 했던 김정은의 결단·노력 잘 안다"	죄인아 이정도면 너병이야	
문 대통령 "한반도 정세 전환하려고 했던 김정은의 결단·노력 잘 안다"	내부의 적 문재앙을 제거하는 것이 먼저요, 북한은 그 다음이다	
문 대통령 "한반도 정세 전환하려고 했던 김정은의 결단·노력 잘 안다"	개뿔한반도 정세 전환하려는 척을 한거다.아마추어 초딩들아 ㅋㅋ 제재좀 풀어보려고 쇼한거야	
문 대통령 "한반도 정세 전환하려고 했던 김정은의 결단·노력 잘 안다"	저 돼야지새끼가 무슨 결단 노력을햇다는것지  바보아니야	
문 대통령 "한반도 정세 전환하려고 했던 김정은의 결단·노력 잘 안다"	그렇게 욕처먹어도 ㅋㅋㅋ 좋다고 혼자 짝사랑을 하네 ㅋㅋ 진짜 한결같아 애잔하다 재인아	
문 대통령 "한반도 정세 전환하려고 했던 김정은의 결단·노력 잘 안다"	달타령 ㅋㅋㅋㅋㅋㅋㅋ. 핵돼지도 싫어한다. 냉면 주방장한테도 욕처먹고.	
문 대통령 "한반도 정세 전환하려고 했던 김정은의 결단·노력 잘 안다"	이정도 국가적 수모를 당한 것을 간과해서는 안된다 미래를 위해 아마..이번 정권에 전쟁은 불가피 해보인다... 최고의 방어는 공격이다.	
문 대통령 "한반도 정세 전환하려고 했던 김정은의 결단·노력 잘 안다"	이제 우리나라는 가망이 없나봐...	
문 대통령 "한반도 정세 전환하려고 했던 김정은의 결단·노력 잘 안다"	오로지 머리속엔 북한뿐이네.대한민국 국민들은 살기 힘들어 자살하고 그러는데!	
문 대통령 "한반도 정세 전환하려고 했던 김정은의 결단·노력 잘 안다"	이정도 되면 북한이나 중국에 약점이 잡혔거나. 아님 진짜 그냥 등신이거나..	
문 대통령 "한반도 정세 전환하려고 했던 김정은의 결단·노력 잘 안다"	김정은 말을 믿뉘? 믿는다고 하자, 미국보고 어쩌라고? 북한핵무기 인정하고 경제제재 풀라고? 이딴 게 대통이니...	
문 대통령 "한반도 정세 전환하려고 했던 김정은의 결단·노력 잘 안다"	주종관계에 따라 정은이 앞에 무릎을 꿇고 삼배고두례의 예를 갖췄어야... 했다. 노예는 그런다.	
문 대통령 "한반도 정세 전환하려고 했던 김정은의 결단·노력 잘 안다"	★문빨갱이 드디어 본색을 드러내네...	
문 대통령 "한반도 정세 전환하려고 했던 김정은의 결단·노력 잘 안다"	"한반도 정세를 전환하고자 한 김정은 위원장의 결단과 노력을 잘 안다"  정세 전환을 위한 결단이 핵 포기 등 비핵화인가? 최근 외신은  핵무기가 더 많아졌다는데 무슨 결단과 노력을 했다는 것인가. 보이는 것을 보는 것이 아니라 보고 싶은 것만 보는가?	
문 대통령 "한반도 정세 전환하려고 했던 김정은의 결단·노력 잘 안다"	개 신발진짜 이 빨게이 공산당좀 잡아가라	
문 대통령 "한반도 정세 전환하려고 했던 김정은의 결단·노력 잘 안다"	멍청한 늙은이 등쳐먹고 인간백정김정일의 유훈을 따라 남한을 적화통일하려고 했지,, 뭔 개소리냐?	
문 대통령 "한반도 정세 전환하려고 했던 김정은의 결단·노력 잘 안다"	아니...가만히 생각해보니 북한에 쟤들은 남북간에 뭘 노력했나..?? 우리가 무슨 해코지를 한게 있나...??원래는 핵을 포기하고 폐기하는게 목적이지 않았나....??근데 지금 뭐여.....똥 싼놈이 성내는 격이에...ㅎ	
문 대통령 "한반도 정세 전환하려고 했던 김정은의 결단·노력 잘 안다"	단단히 미쳤네..북한 인귄문제 하나 말하지도 못하고 핵폭탄 하나 말하지돛못하고 냉면만 쳐묵쳐묵 했던 문씨가 정은이의 공고 치적을 풀어내네...	
문 대통령 "한반도 정세 전환하려고 했던 김정은의 결단·노력 잘 안다"	고립된 경제와 아사직전인 인민들 문제로 언제든 벌어질수 있는 체제붕괴등 죽고사는 일이 걸린 정은이는 감성적으로 현국면을 풀어 갈 여유가 없을 걸? 이걸 알면서도 감성적으로 대북관계를 풀려고 하는건가?	
문 대통령 "한반도 정세 전환하려고 했던 김정은의 결단·노력 잘 안다"	뭐가 무서워서 맨날 살살 기냐?	
문 대통령 "한반도 정세 전환하려고 했던 김정은의 결단·노력 잘 안다"	참....욕하기도 지친다	
문 대통령 "한반도 정세 전환하려고 했던 김정은의 결단·노력 잘 안다"	노력은 당연히 했쥐...살아남으려고...	
문 대통령 "한반도 정세 전환하려고 했던 김정은의 결단·노력 잘 안다"	어이가 없내 하노이 회담 결렬된 이유가 뭔지 아냐? 빨갱이가 핵시설 5개 중 1-2개만 철거 한다고 해서 트럼프가 5개 철거하면 도와주겠다고 했다. 미국이 잘못한 거냐? 근데 빨갱이들은 미국이 결렬 시켜서 북한이 화났대. 이게 무슨 소리지? 2개 철거하고 도와주고 경제 발전하면 3개는 어떻게 하려고 그러냐 말 듣겠냐? 이란처럼 말 안듣겠지. 니그로 보다 못한 빨갱이들아	
문 대통령 "한반도 정세 전환하려고 했던 김정은의 결단·노력 잘 안다"	우리대통령은  좀 모자라는자 같아 가슴아프다  어찌 상욕을 그리도 얻어먹고도  대호하자고하냐 가슴아프다 지도자가  이모양이니 나라가 국민들이  불쌍하다	
문 대통령 "한반도 정세 전환하려고 했던 김정은의 결단·노력 잘 안다"	상대가 싫다는데도 자꾸 추근거리면 스토커라고 하지 않나.문대통령 님 제발 이제 포기하세요.북 더러 비핵화 하라는 것은 곧 체제를 포기하고 차우세스쿠나 카다피처럼 되라는 것과 같은 말인데 대통령님 같으면 그렇게 하시겠습니까.답답합니다.	
문 대통령 "한반도 정세 전환하려고 했던 김정은의 결단·노력 잘 안다"	뭘 이렇게 북한에 목메달고 있는건지...지금 당장 눈앞에 당면해 있는 사회 경제 문제가 산더미인데...	
문 대통령 "한반도 정세 전환하려고 했던 김정은의 결단·노력 잘 안다"	얼마나 콩 깍지가 씌였으면 냉면 처묵고 주방장 한테 처발리고도 정신 못 차리네. 아예 체면도 존심도 없구먼.  코로나로 전 국민이 어렵게 살고 있구먼 그러고 싶을까.어휴 한 숨만 나온다	
문 대통령 "한반도 정세 전환하려고 했던 김정은의 결단·노력 잘 안다"	전쟁나면 제일 잃는것 많은게 누구냐 ~ 김정은이지 ~ 인민은 굶어 죽어도 정은이는 손자까지 세계 최고 부자로  잘 살수 있다 ~ 진짜 전쟁하기 싫은건 정은이다 ~ 전쟁나면 1주일 안에 북한에 전력 90%는 박살난다 ~ 그럼 카다피 후세인하고 다를게 없는게 되는거다 ~	
문 대통령 "한반도 정세 전환하려고 했던 김정은의 결단·노력 잘 안다"	냉면한그릇 처    먹으면 사람이 이리미      치나?ㅋㅋㅋㅋㅋ	
문 대통령 "한반도 정세 전환하려고 했던 김정은의 결단·노력 잘 안다"	국민청원 " 전쟁 한번 합시다 " 우리나라 국민들은 죽을 준비가 잘 되어있습니다. 아파트에 목메고,  학연, 지연, 혈연, 당파 싸움에 .... 이참에 시원하게 쟁 한번 합시다^^ 선빵 날립시다^^	
문 대통령 "한반도 정세 전환하려고 했던 김정은의 결단·노력 잘 안다"	누구보다 평화를 위해 애쓰시는 울 대통령님 지지하고 응원합니다 한반도의 평화를 해치려는 세력들은 무슨 정신 머리인지	
문 대통령 "한반도 정세 전환하려고 했던 김정은의 결단·노력 잘 안다"	이정도면 스토커다	
문 대통령 "한반도 정세 전환하려고 했던 김정은의 결단·노력 잘 안다"	쫄보가 쫄아가지고~~	
문 대통령 "한반도 정세 전환하려고 했던 김정은의 결단·노력 잘 안다"	얼마를 퍼 줬는데 무능한 문재인 적어도 하나 줄때는 뭐 하나라도 보장이나 약속을 받아내라 외교나 딜의 기본도 모르고 대통령 자리에 앉아서 한심 그 자체	
문 대통령 "한반도 정세 전환하려고 했던 김정은의 결단·노력 잘 안다"	역시 뻘갱이피섞인 종자들은 언제나 북한생각이구나...	
문 대통령 "한반도 정세 전환하려고 했던 김정은의 결단·노력 잘 안다"	김정은을 믿는다는 자체가 넌센스  북한애들은 믿을수가 없는데 왜 자꾸 그들을 믿으려 하는지?ㅠㅠㅠ	
문 대통령 "한반도 정세 전환하려고 했던 김정은의 결단·노력 잘 안다"	이기 미틴거가 모자란거가?삐라는 핑계일뿐...핵무기 완성해놓고 다시 원위치 하는거 모르냐?	
문 대통령 "한반도 정세 전환하려고 했던 김정은의 결단·노력 잘 안다"	요사스러운 국수를 처 먹은 겁니까? 아님 요사스러운 냉면을 처 먹은 겁니까? 자꾸 요사스러운 말씀을 하시니 국민이 요사스럽게 헸갈립니다.	
문 대통령 "한반도 정세 전환하려고 했던 김정은의 결단·노력 잘 안다"	네빌 체임벌린 영국총리 "유럽 대륙 정세 전환하려고 했던 히틀러의 결단·노력 잘 안다." 이완용 "대동아공연권 정세 전환하려고 했던 도조히데키의 결단·노력 잘 안다." 문재인 넌 곱게 죽지 못할 것으로 예측한다. 고통속에서 지옥불에서 타죽길 빈다. 레알 악마..	
문 대통령 "한반도 정세 전환하려고 했던 김정은의 결단·노력 잘 안다"	나는 문재인보다 문재인 지지하는 인간들이 더 싫어 이유없이 그냥 잘 한데	
문 대통령 "한반도 정세 전환하려고 했던 김정은의 결단·노력 잘 안다"	아니 왜 우리한테 지라아알이야???? 방귀 뀐 넘한테 성을 내라구 이 양반아!!!! 한반도 평화약속을 뒤로 돌린게 대한민국 국민이냐구 이 양반아???? 허구헌날 삶은 소대가리, 똥싸개, 냉면 쳐 먹을때만 간사를 떠는 넘 어쩌구저쩌구 소리 들으면서 기분 나쁜 건 알겠는데, 그런데 왜 우리한테 지라아아알이야 이 양반아???? 김여정이한테는 왜 찍소리 한번 못하는데 왜???? 어디서 뺨 맞구 우리한테 지라아아아알을 하구 있어?????	
문 대통령 "한반도 정세 전환하려고 했던 김정은의 결단·노력 잘 안다"	망자의 결단, 노력	
문 대통령 "한반도 정세 전환하려고 했던 김정은의 결단·노력 잘 안다"	핵이 그대로인데 뭔 결단과 노력? 같이 좀 압시다. 뭔 노력을 했는지	
문 대통령 "한반도 정세 전환하려고 했던 김정은의 결단·노력 잘 안다"	와 진짜 ㅋㅋ 눈귀가리고 아웅하겠다는 소리 아니야??	
문 대통령 "한반도 정세 전환하려고 했던 김정은의 결단·노력 잘 안다"	돼지가   비웃는다 ᆢ소대갈  ㅂㅅ 이라고 ᆢ	
문 대통령 "한반도 정세 전환하려고 했던 김정은의 결단·노력 잘 안다"	중국몽을 함께한다고 말할때와 베트남 공산화 됐을때 환영할때부터 알아봤다	
문 대통령 "한반도 정세 전환하려고 했던 김정은의 결단·노력 잘 안다"	최근에, 베트남, 북한 보면, 공산주의 독재하는 국가는 절대로 신뢰할 수 없다는 걸 깨닫게 해주네요.  안타깝습니다.	
문 대통령 "한반도 정세 전환하려고 했던 김정은의 결단·노력 잘 안다"	바본지 또라인지? 이해가 안가는 작자네..	
문 대통령 "한반도 정세 전환하려고 했던 김정은의 결단·노력 잘 안다"	정은아! 대한민국에서 거짓말 제일 잘하는 사람이 누군지 알지?	
문 대통령 "한반도 정세 전환하려고 했던 김정은의 결단·노력 잘 안다"	지도자가 북한 눈치나 실실보고 알아서 기는데 과연 우리 대한민국 군대의 군기가 있겠나?  나라꼴이  슬퍼서 말이 안나온다.	
문 대통령 "한반도 정세 전환하려고 했던 김정은의 결단·노력 잘 안다"	아직도 꿈을 못 깨니 큰일이다..	
문 대통령 "한반도 정세 전환하려고 했던 김정은의 결단·노력 잘 안다"	아니 뭘 알아? 궁예냐? 아무것도 한 게 없는데도 보인다는 걸 보니 이제 조만간 방귀 뀐 놈한테 누군인가 그러면서 철퇴를 내리는 거냐? 이건 진짜 역대급 치매 인증 샷이네.	
문 대통령 "한반도 정세 전환하려고 했던 김정은의 결단·노력 잘 안다"	야야 ㄱ 소리 그만좀해라 제발.... 뭘했다는거야 폭탄만 쐈는데......	
문 대통령 "한반도 정세 전환하려고 했던 김정은의 결단·노력 잘 안다"	일개 식당 주방장이 목구멍으로 국수가 넘어가냐 문재앙 이런소리 들어도 아무말 못하는 벙어리냐 국내에서는  한줌도 안되는 권력으로  비정상을 정상으로 권력을 휘두르면서 똥돼지새끼한테는 한마디도 못하냐 권불 10년이라고 문재앙도 얼마 안남았다 당장 입법부 사법부 행정부 (북방부포함) 정상으로 돌려놓기 바란다 특히 사법부 이게 재판이냐 없는죄도 만들어 처벌하는 사법부 말이다 이거 전부 문재앙 당신 탓이잖아  국민이 개돼지로 보이냐 개돼지도 있겠지	
문 대통령 "한반도 정세 전환하려고 했던 김정은의 결단·노력 잘 안다"	핵과 미사일 포기 0.000000001% 도 안했는데 저 북도야지가 무슨 노력을 했냐??	
문 대통령 "한반도 정세 전환하려고 했던 김정은의 결단·노력 잘 안다"	정은이 앞에만 서면  작아지는 문제인국민의 자존심은 팔아먹고무능한 지도자임을 스스로 인정하는 꼴이란	
문 대통령 "한반도 정세 전환하려고 했던 김정은의 결단·노력 잘 안다"	진중권씨 말이 맞는것 같아 써준 거 보고 읽는다고~뭐라 반론도 비판도 안나오고 그냥 웃음만 나온다.기사보고 그냥 크게  웃는다~ㅋㅋㅋㅋㅋ	
문 대통령 "한반도 정세 전환하려고 했던 김정은의 결단·노력 잘 안다"	이건 참... 이래서 좌파가 집권하면 안댜.. 충칼을 빨갱이가 아니 국민들에게 휘둘르네.. 허참	
문 대통령 "한반도 정세 전환하려고 했던 김정은의 결단·노력 잘 안다"	이놈이 빨갱이에게 한거 일본에게 했으면 이미 동맹 넘어선 무언가 됬을듯	
문 대통령 "한반도 정세 전환하려고 했던 김정은의 결단·노력 잘 안다"	하나만 딱 묻자!지금 통일하면 대한민국에 도대체 어떤점이 좋은지 말좀 해주라.	
문 대통령 "한반도 정세 전환하려고 했던 김정은의 결단·노력 잘 안다"	그런 되지도 않는 약속을 두고, 둘이서 장난한 것을.  합의? 약속?  하긴 둘 다 제정신이 아니지.문구라가 다스리는 이 나라가 아깝다.  정은이가 북한을 다스린다는 것도 웃기는 거고.한 낱 한 시에 둘 다 싹 하고 사라진다면 더 나을 거란 생각이다. 그저 구리치기에 여념이 없는 문구라는 8천만 겨레를 내세우며 또다시 선동질을 하고 있다.	
문 대통령 "한반도 정세 전환하려고 했던 김정은의 결단·노력 잘 안다"	대가리 존나 깨지긴햇네 ㅋㅋ	
문 대통령 "한반도 정세 전환하려고 했던 김정은의 결단·노력 잘 안다"	북미간의 문제지. 서로 약속을 안지키고 상대방이 지키기만을 요구하고 주장했지. 그러니 비핵화가 될 턱이 없고, 로켓맨과 늙다리는 계속 하던 대로 하고...  이게 한반도의 팔자여.긴장유지 무기장사 쭈욱 그렇게 가자는 거지. 정은이도 애비가 하던 짓을 물려받아 이런 꼬라지로 사는 거구. 이제 KF-X만들어서 거기에 핵무기를 달자. 수소탄도 만들어 달고. 생물무기로 개발해서 그간 우리 역사에 당한 보상을 해 주자. 현무4에 생물무기 달아서 앞으로 집적대는 눔이 있으면 쏴 갈기자. 우리 민족만 살면 된다.	
문 대통령 "한반도 정세 전환하려고 했던 김정은의 결단·노력 잘 안다"	180석이 말이 안되는 이유다 이게	
문 대통령 "한반도 정세 전환하려고 했던 김정은의 결단·노력 잘 안다"	김정은이 다리사이로 기라고 해도 설설 잘 기어들어갈듯.	
문 대통령 "한반도 정세 전환하려고 했던 김정은의 결단·노력 잘 안다"	얼 빠진 새@끼	
문 대통령 "한반도 정세 전환하려고 했던 김정은의 결단·노력 잘 안다"	그렇게 국민세금으로 갖다 바쳐서  바뀐것이  하나없는데  ... 사비로 상전  통치자금 지원하시길...	
문 대통령 "한반도 정세 전환하려고 했던 김정은의 결단·노력 잘 안다"	G라   ~ ㄹ . 에효....문씨 정신 좀 차리지? --- 아니 제정신인데, 다  알면서도 우기는거 같음.	
문 대통령 "한반도 정세 전환하려고 했던 김정은의 결단·노력 잘 안다"	ㅋㅋ조선시대 내시도 이렇게까지는 안할듯 ㅜㅜ	
문 대통령 "한반도 정세 전환하려고 했던 김정은의 결단·노력 잘 안다"	제일 궁금한거~ 삶소대가 잘 한거??  또 북괴가 평화를 위해 노력한게 뭐?? 말해봐라 대깨들아!!	
문 대통령 "한반도 정세 전환하려고 했던 김정은의 결단·노력 잘 안다"	김정은의 평화는 전략 전술적 기만행위인데 일국의 지도자가 그것을 믿고 호소하는 모습이 참으로 딱하고 안타깝다. 평화는 구걸한다고 얻어지는 것이 결코 아니다.  국민이 단결 단합된 힘을 가져야 한다. 으르렁거리는 적의 먹이감이 될 지경인데도 우리사회는 분열된 지도자들과 지지자들이 서로 물고 싸움질하고 있다.	
문 대통령 "한반도 정세 전환하려고 했던 김정은의 결단·노력 잘 안다"	문어벙 쩝쩝이 이색휘 때문에 조만간 imf나게 생겼네...안그래도 외놈들 대거 이탈중인데... 쓰볼 동사무소 가면 대민업부 보는 공무균새기...민원인하고 기싸움하고...토지대장이 집주인 이름하고하고 다르다고 전입세대 안떼줌...사실은 집살때 집주인이 냈던 취등록세  조회가 가능함... 세금을 ㅈ나게 걷을게 아니라 잘 쓰는게 문제다. ㅆ 문어벙 쩝쩝 수ㅐ갸...근혜누님이 그리운 날이다. 공무원연금 개혁. 공기업 개혁...	
문 대통령 "한반도 정세 전환하려고 했던 김정은의 결단·노력 잘 안다"	이건 참 뭔가 말이 안된다. 뭐냐 이건 도대체?	
문 대통령 "한반도 정세 전환하려고 했던 김정은의 결단·노력 잘 안다"	너무 얍실하다 한마디에 쫄아사 샤바샤바 되는게 어케 대통령 됐지 저런사람이...	
문 대통령 "한반도 정세 전환하려고 했던 김정은의 결단·노력 잘 안다"	남은 2년여... 진정 못기다리겠다....	
문 대통령 "한반도 정세 전환하려고 했던 김정은의 결단·노력 잘 안다"	정으니 얼굴보니 통일 안하고싶은데 극혐ㅋ	
문 대통령 "한반도 정세 전환하려고 했던 김정은의 결단·노력 잘 안다"	ㅉㅉㅉ~文 "나와 김정은 북한 국무위원장이 8000만 겨레 앞에서 했던 한반도 평화의 약속 뒤로 돌릴 순 없다"다르게 말하면은 영원한 호구 물주 노릇하겠다고 선언한것이란다,그것을 문씨는 평화약속이라고 믿은것이고 ,그동안 정은이가 확실하게 북한의 비핵화를 선언한적이 있었는가,없었다 착각의 늪에서 깨어나오도록 하거라,떄론 강하게 나가는것이 도움이 될때가 있단다,문씨처럼 물주호구노릇은 변하는게 없단다,강약 조절을 한 문견들이 없고 그냥 변견들 뿐이란다,이번기회에 문씨네 변견들 모조리 퇴출시키고, 제대로 북이아닌 정부 일할 인간으로바꿔라	
문 대통령 "한반도 정세 전환하려고 했던 김정은의 결단·노력 잘 안다"	호구가 따로 없다	
문 대통령 "한반도 정세 전환하려고 했던 김정은의 결단·노력 잘 안다"	비참하다. 짝사랑을 넘어선 집착임이 틀림없다.	
문 대통령 "한반도 정세 전환하려고 했던 김정은의 결단·노력 잘 안다"	이현실을 보고 평화를 노력했고 의지가 있다고 하는것은 거짓말이다.  립서비스라면 이해를 해도 현실은 엄중하다.  문통은 사실을 국민에 알려 확고한 국방태세와 정신무장이 되도록 역할을 해야 퇴임후 존경도 받고 원로로서 조언도 할수있음을 아셔야 한다.  실수를 인정하고 바른길을 가시라..	
문 대통령 "한반도 정세 전환하려고 했던 김정은의 결단·노력 잘 안다"	얼른 대한민국을 개정은이에게 샹납하겠다는걸 천명하는거네. 이 역적의 괴수 문죄인을 가만히 두고 보실겁니까? 개정은이 치하에서는 이런 댓글도 못쓴다는걸 알고있나요? 생각만해도 소름입니다.	
문 대통령 "한반도 정세 전환하려고 했던 김정은의 결단·노력 잘 안다"	자기 실수, 잘못을 인정하고 수정하면 되는데 그걸 못하니 소인배고 이 지경인거다	
문 대통령 "한반도 정세 전환하려고 했던 김정은의 결단·노력 잘 안다"	쓸데없는 소리 그만하고 이제는 대처나 안보에 신경써야하는거 아닌가.... 코로나로 경제도 사회도 모든것이 불확실한데 안보라도 제대로 좀 합시다	
문 대통령 "한반도 정세 전환하려고 했던 김정은의 결단·노력 잘 안다"	남한 대통령이 그렇게 높은 게 아님. 생각하고 다르지? ㅋㅋㅋ. 열심히 해라. 할일은 존나게 많아 삐대면 걸릴 수 밖에 없고 걸리면 박근혜 되는 거임. 한심한 놈.	
문 대통령 "한반도 정세 전환하려고 했던 김정은의 결단·노력 잘 안다"	눈물겹다 눈물겨워ㅋㅋㅋㅋ	
문 대통령 "한반도 정세 전환하려고 했던 김정은의 결단·노력 잘 안다"	잘 아는세기라서  북한이 저세기보고 삶은 소대가리라 했는갑다 ㅋㅋㅋㅋㅋ	
문 대통령 "한반도 정세 전환하려고 했던 김정은의 결단·노력 잘 안다"	넌 오로지 김정은이니 국민들은 안중에도 없니	
문 대통령 "한반도 정세 전환하려고 했던 김정은의 결단·노력 잘 안다"	6.25와  천안함 연평도  서해교전에 대한  사죄와 배상 부터  해야지  재앙씨가   우선 할일은  사죄와 배상 부터  받아내야합니다	
문 대통령 "한반도 정세 전환하려고 했던 김정은의 결단·노력 잘 안다"	북과  맺는 일체의 협약은 마치 버려진 휴지에  것에 자니 않는다.   그걸 철석같이 믿고 매달리는 자는 정신박약아  아닌가?   매달리고 애원하는 처지가 뒤바뀐 현상에 오장육보가 뒤틀린다,   무슨 대통령이 국격이고 자존이고 나발이고 ...   수치스럽다!	
문 대통령 "한반도 정세 전환하려고 했던 김정은의 결단·노력 잘 안다"	김정은 : ??? 내가???	
문 대통령 "한반도 정세 전환하려고 했던 김정은의 결단·노력 잘 안다"	그냥 묻따말 돈내놓으란거잖아	
문 대통령 "한반도 정세 전환하려고 했던 김정은의 결단·노력 잘 안다"	당장 통일되면 다 굶어죽어유 지금도 캄캄한데..... 평화경제? 이밥도 제대로 못먹는 북한주민 먼저 챙기다 보면 지금보다 우리의 삶과 일자리가 늘어날까? 나중에 잘먹으려고 열흘 굶으면 죽어요. 나라의 경제를 확 살려놓고 통일이고 뭐고 해야지 남쪽하나도 제대로 건사 못하면서 우리국민하나 화합도 못시켜 편가르기 하면서 평화?통일? 삶은 소대가리가 웃을 소리지..	
문 대통령 "한반도 정세 전환하려고 했던 김정은의 결단·노력 잘 안다"	일단6.25에 대한 사죄와  배상부터  하고  시작해	
문 대통령 "한반도 정세 전환하려고 했던 김정은의 결단·노력 잘 안다"	대단한 착각을 하고 있네. 김정은이가 8천만 겨레를 위해서 했나?	
문 대통령 "한반도 정세 전환하려고 했던 김정은의 결단·노력 잘 안다"	헌법 수호 위배 탄핵	
문 대통령 "한반도 정세 전환하려고 했던 김정은의 결단·노력 잘 안다"	정신병원이나 좀 가봐라	
문 대통령 "한반도 정세 전환하려고 했던 김정은의 결단·노력 잘 안다"	아니 쟤는 너 싫대..	
문 대통령 "한반도 정세 전환하려고 했던 김정은의 결단·노력 잘 안다"	니놈만 북으로가면 끝난다	
문 대통령 "한반도 정세 전환하려고 했던 김정은의 결단·노력 잘 안다"	니가 북한대통령이냐	
문 대통령 "한반도 정세 전환하려고 했던 김정은의 결단·노력 잘 안다"	문재인은 한국 사람 아니다 생김새부터 한국 사람이 아님 출생도 한국이 아닐 것이고 핏줄도 한국이 아닌 중국 소수민족일 것 같음 그러니 저런 반국가적 말과 행동을 태연하게 할 수 있는 것임	
문 대통령 "한반도 정세 전환하려고 했던 김정은의 결단·노력 잘 안다"	김정은의 남한 주사파와 연합으로 대한민국을 적화하려는 노력을 했지..	
문 대통령 "한반도 정세 전환하려고 했던 김정은의 결단·노력 잘 안다"	미쿡 눈치나 보면서 뭉기적 거린 통일방해부 장관 정연철 이놈을 당장 모가지 치시오 !!!	
문 대통령 "한반도 정세 전환하려고 했던 김정은의 결단·노력 잘 안다"	10시 6-7분에 조작한 댓글들 슬슬 보이네. 나라가 이지경인데도 찍소리 못하고 여론만 조작하는 민주당원들 꼴보기 싫다.	
문 대통령 "한반도 정세 전환하려고 했던 김정은의 결단·노력 잘 안다"	북한의 완전검증 비핵화는 빼고 협잡한거 아니냐? 그게핵심이지	
문 대통령 "한반도 정세 전환하려고 했던 김정은의 결단·노력 잘 안다"	아니무슨 꿩대가리도 아니고, 휴전대치상황에서 우리가 무장해제하고 군사시설 해체하고, 군전력약화시켜서 무장해제하면, 운동경기마냥 상대방도 페어플레이한다고 총칼 내려놓겠냐? 아니 저런 머져리같은 생각은 도대체 어디서 나오는거지?	
문 대통령 "한반도 정세 전환하려고 했던 김정은의 결단·노력 잘 안다"	어떤 대가리 깨진것들이 문재인 정권을 지지하는 것일까? 북한 간첩 빨갱이가 아니고서야..	
문 대통령 "한반도 정세 전환하려고 했던 김정은의 결단·노력 잘 안다"	아 쪽팔리라 무슨 저런사람이 우리나라 대통령이고 아~~통탄이로다	
문 대통령 "한반도 정세 전환하려고 했던 김정은의 결단·노력 잘 안다"	문대통령 혼자 꿈을꾸고있구나...아직 잠에서 덜깨어났군...	
문 대통령 "한반도 정세 전환하려고 했던 김정은의 결단·노력 잘 안다"	얘들아~이번엔 비행기로 수박날라야것다.!!!	
문 대통령 "한반도 정세 전환하려고 했던 김정은의 결단·노력 잘 안다"	퍽!    아따  조카!   가려운데   잘 때려줘서  고맙습니다!   쩝쩝...	
문 대통령 "한반도 정세 전환하려고 했던 김정은의 결단·노력 잘 안다"	한푼이라도 더 북한에 퍼주려는 노력 잘 안다	
문 대통령 "한반도 정세 전환하려고 했던 김정은의 결단·노력 잘 안다"	북한의 돼지가 문어벙보고 대한민국 대통령들 중에 가장 멍청이라고 하네~~정확하게 지적했네...좌파들아 먼 생각 없냐?	
문 대통령 "한반도 정세 전환하려고 했던 김정은의 결단·노력 잘 안다"	맨날 처맞고 평화라고  정은이  중국은 항상 옳지  ----‐--‐----------‐-	
문 대통령 "한반도 정세 전환하려고 했던 김정은의 결단·노력 잘 안다"	애숭이 정은이 남매야  . 밑바닥까지 내려가니까  모든책임을 우리한테 전가하니?  이제 너의날 얼마 안남았다 죽을날만 기다리고있거라. 쓰레기.	
문 대통령 "한반도 정세 전환하려고 했던 김정은의 결단·노력 잘 안다"	정신좀 차려 제발.!! 불구덩이에는 혼자가라구. 국민들델꼬가지말고.!!!	
문 대통령 "한반도 정세 전환하려고 했던 김정은의 결단·노력 잘 안다"	저 등신 오늘은 뭐 처먹고 요사부릴려고~~~고마해라~~ 오늘은 뭔 욕을 처 묵을라고~~	
문 대통령 "한반도 정세 전환하려고 했던 김정은의 결단·노력 잘 안다"	대체 어디까지 미처야 저런 말을하노 그런식이니깐 개정은이가 우리나라 얕보지	
문 대통령 "한반도 정세 전환하려고 했던 김정은의 결단·노력 잘 안다"	트럼프 종전선언좀 해라	
문 대통령 "한반도 정세 전환하려고 했던 김정은의 결단·노력 잘 안다"	국민은 안중에도 없고, 북한만 보이는 재앙이, 쌀을 차라리 대한민국 국민 각 가정에 공짜로 줘, 식재료 사기도 버거워, 중국봐봐 ㅁㅊㅇ	
문 대통령 "한반도 정세 전환하려고 했던 김정은의 결단·노력 잘 안다"	준비된 대똥령이라더니 별수가 없나봅니다	
문 대통령 "한반도 정세 전환하려고 했던 김정은의 결단·노력 잘 안다"	미사일 실험 빵빵하고 군사훈련 한다고 짓는것이 남북평화를 위한 것인가	
문 대통령 "한반도 정세 전환하려고 했던 김정은의 결단·노력 잘 안다"	저기요~~ 핵한발이라도 폐기 시키는거 보았습니까? 지금 대한민국 국민들이 어떻게든 살아볼려고 아둥바둥하는거좀 보십시요~~ 거기 신경쓸때가 아닙니다~~	
문 대통령 "한반도 정세 전환하려고 했던 김정은의 결단·노력 잘 안다"	완전히 스토킹 수준...  이제 어디에 갈날이 점점 다가옵니다	
문 대통령 "한반도 정세 전환하려고 했던 김정은의 결단·노력 잘 안다"	저기요 문빠들아 댓글달아봐라  노력을햇다고 했는데 예를 들어서 어떤건지 알려줘봐  그럼이해할께  대체뭘했길래 나라와나라가 합의한걸 손바닥뒤집듯 쉽게뒤집고선 그러는건지.	
문 대통령 "한반도 정세 전환하려고 했던 김정은의 결단·노력 잘 안다"	함박도에 군사시설 배치, GP총격, 북한어선 한국에 침투, 역대 최다 미사일실험 등 적화통일 위해 부단히 노력했지	
문 대통령 "한반도 정세 전환하려고 했던 김정은의 결단·노력 잘 안다"	이런 얼빠진 인간이 대통령이라니!  소련을 공격하는 히틀러를 보고 독일과 싸울생각을 해야지 "독.소 불가침조약을 파기하면 안된다" 며 조약의 원 정신으로 돌아가자고 호소만 하는 것과  무엇이다른가.물론 스탈린은 독.소불가침조약을 맺을때부터 독일의 침략에 대비했지만. 대통령으로서 핵을 가진 북한으로 부터 국가의 안보를 최우선하여 힘을 기르고 대비를 해야지 평화 호소만?	
문 대통령 "한반도 정세 전환하려고 했던 김정은의 결단·노력 잘 안다"	북한이 어떤곳인지 파악안되는 애들은 백백교전용해, 다미선교회이장림,영생교조희성,jms정명석,홍천거지목사,전주봉침목사,어금니아빠이영학을봐라. 금방 답이 다 나온다.	
문 대통령 "한반도 정세 전환하려고 했던 김정은의 결단·노력 잘 안다"	무슨 노력을 하셨는지요?? 간첩질 하셔서 김정일을 잘 아시는 건가요? 아니면 비 정보 공개가 많아서 일반 국민들이 모르나요??	
문 대통령 "한반도 정세 전환하려고 했던 김정은의 결단·노력 잘 안다"	그걸 안다고?  어떻게아는데 김정은이랑 둘이서 잤냐?	
문 대통령 "한반도 정세 전환하려고 했던 김정은의 결단·노력 잘 안다"	노력? 지가 일부 비핵화 하면서 전면 제재 해제를 원하는데 누가 그 뒷통수를 한 두번 당하냐?	
문 대통령 "한반도 정세 전환하려고 했던 김정은의 결단·노력 잘 안다"	그동안 통일부 장관은 뭘했나? 그렇게 행동하라 언질을 줘도 한 것이 하나도 없다. 북한을 봐라 위에서 언질을 주면 바로 행동하잔아. 밥통만 차고 다니나.	
문 대통령 "한반도 정세 전환하려고 했던 김정은의 결단·노력 잘 안다"	1945년 해방이후 자유민주주의 대한민국을 부정하고 반란을 일으켰던 남로당(남한의 공산당) 후손들이 북한 공산당의 지령을 받고 지금 대한민국에서 활개를 치고 있는것 같아 심히 대한민국의 미래가 위태롭습니다.	
문 대통령 "한반도 정세 전환하려고 했던 김정은의 결단·노력 잘 안다"	절절하다 절절해... 약속? 뭐 냉면먹은거?임기끝나기전에 경제 폭망 외교폭망이라 하나 목숨거는게 북한과의 평화인데그것도 잘안될것같아보인다.욕안먹을라면 필사적으로 해야겠지...	
문 대통령 "한반도 정세 전환하려고 했던 김정은의 결단·노력 잘 안다"	주적군이 코앞에 병력을 배치하고 호시탐탐 남침을 노리며 온갖 공갈협박을 해대는 현실에 아직도 허황된 꿈속에서 못 헤어나오는 모양입니다.  현실을 직시하고 국민의 생명과 재산을 지키기 위해, 취임시 헌법에 맹세한 대통령 직무에 충실하시길... 약속한대로 지지하지 않은 40%초과 분포 국민들 의견에도 귀기울이시고...	
문 대통령 "한반도 정세 전환하려고 했던 김정은의 결단·노력 잘 안다"	졸라 맛없는 무허가 3류 냉면집에서 국수나 뽑는 한심한 팔푼이 새끼가 요사떨지 말라던데 또 뭔 헛소리야?! ㅉㅉㅉ	
문 대통령 "한반도 정세 전환하려고 했던 김정은의 결단·노력 잘 안다"	ㅈ  ㄲ	
문 대통령 "한반도 정세 전환하려고 했던 김정은의 결단·노력 잘 안다"	그런 북괴가 하는 짓은 비무장지대 침범 주둔이라죠 이제 현실을 보세요 아 안보이니까 이런말 하시는 거겠죠	
문 대통령 "한반도 정세 전환하려고 했던 김정은의 결단·노력 잘 안다"	보통 사람들은~~혼잣말을 구시렁거리면...정신병원에 강제 입원시킵니다~! 왜 방치하고 함께 미쳐 날뛰는지~~ 참..	
문 대통령 "한반도 정세 전환하려고 했던 김정은의 결단·노력 잘 안다"	고거슨 너님의 루시드 드림이고요	
문 대통령 "한반도 정세 전환하려고 했던 김정은의 결단·노력 잘 안다"	이 청와대 삽삽개가 드디어 미쳤구나~	
문 대통령 "한반도 정세 전환하려고 했던 김정은의 결단·노력 잘 안다"	어벙,,,  문어벙.... 창피해서 못살겠다.  어린놈, 바짓가랭이 붙들고 앵앵 우는꼴 못봐주겠다.	
문 대통령 "한반도 정세 전환하려고 했던 김정은의 결단·노력 잘 안다"	이제 약발조차 안듣나보다	
문 대통령 "한반도 정세 전환하려고 했던 김정은의 결단·노력 잘 안다"	뭔 뜬금없는 소리? 그냥 나라를 가져다 주지그래?	
문 대통령 "한반도 정세 전환하려고 했던 김정은의 결단·노력 잘 안다"	비굴함은 계속 그칠줄 모르네	
문 대통령 "한반도 정세 전환하려고 했던 김정은의 결단·노력 잘 안다"	중국도 싫고 일본도 염증난다 우리민족끼리 조용히 평화롭게 살자	
문 대통령 "한반도 정세 전환하려고 했던 김정은의 결단·노력 잘 안다"	무슨노력?? 이북한테 잘보이려 살살기던 노력? 저 시키는 입만열면 헛소리구만...	
문 대통령 "한반도 정세 전환하려고 했던 김정은의 결단·노력 잘 안다"	대체 뭐래는 거냐?	
문 대통령 "한반도 정세 전환하려고 했던 김정은의 결단·노력 잘 안다"	김정은 죽겠으니까 개가 호랑이 앞에 꼬리 흔들다 처다 보지 않으니 쥐나 잡는거지요 으르렁!	
문 대통령 "한반도 정세 전환하려고 했던 김정은의 결단·노력 잘 안다"	소통과  협력은 국회에서  야당하고  먼저  하세요...!!!	
문 대통령 "한반도 정세 전환하려고 했던 김정은의 결단·노력 잘 안다"	뭐 야동찍혔냐? 벌벌 기냐?	
문 대통령 "한반도 정세 전환하려고 했던 김정은의 결단·노력 잘 안다"	와우 지대한 자비심과 바다와같은  깊은 혜량문통 돌아가시면 사리 나올듯	
문 대통령 "한반도 정세 전환하려고 했던 김정은의 결단·노력 잘 안다"	자유민주국가 대한민국의 군인과 경찰에게 총을 발사한 년놈들 = 제주4.3.남로당반란 = 여수순천군인반란 = 6.25.북한 인민군과 중공군 = 광주5.18.폭동시위 = 주사파,좌파 문재인정권의 지지세력을 자처함.	
문 대통령 "한반도 정세 전환하려고 했던 김정은의 결단·노력 잘 안다"	북한에서는 이제"멍청이"라고까지 하던데..  찍소리도 못하고.	
문 대통령 "한반도 정세 전환하려고 했던 김정은의 결단·노력 잘 안다"	만일 북한이 비핵화를 하고 중국처럼 제한적이지만 개방국가가 되려고 했던 것이 진심이었다면 어떻게 될까? 우리는 지금 엄청난 안보손실, 경제손실을 보고 있는거다. 북한과의 평화적 관계로 보는 이득은 엄청나다. 당장 북한을 견제하기 위한 국방비를 무기연구비로 돌려서 최첨단 무기를 개발할 수 있게 되고 수출도 할수 있다. 북한을 거친 철도는 유럽까지 연결된다. 육상을 통한 무역경로가 생기는거다. 만일 북한이 진심이 아니었다고 해도 우리는 손해볼게 없다. 안보에 대한 투자는 계속하고 있고, 군의 전력은 점점 향상되고 있다. 뭐가 문제인가?	
문 대통령 "한반도 정세 전환하려고 했던 김정은의 결단·노력 잘 안다"	걍 상황관리 멘트로 알겠슴다 문통은 시국이 엄중하니 좌우간 여차해서 또 도발하면 저 돼지새끼 일당들 싸그리 폭격해서 씨를 말려서 북한주민들 해방시킬 만반의 준비태세 하삼. 글구 왜 우리 안보의 핵심인 북핵 포기요구는 한마디도 없음메?	
문 대통령 "한반도 정세 전환하려고 했던 김정은의 결단·노력 잘 안다"	야 치매가 단단히걸렷네  대통령그만하고 내려와라	
문 대통령 "한반도 정세 전환하려고 했던 김정은의 결단·노력 잘 안다"	고문관 대통령	
문 대통령 "한반도 정세 전환하려고 했던 김정은의 결단·노력 잘 안다"	현실을 직시하라.................선동하지 말고.	
문 대통령 "한반도 정세 전환하려고 했던 김정은의 결단·노력 잘 안다"	문재앙 재앙이 따로없네 북돼지가 한반도 정세전환 하려고 했다고 북돼지 졸딱구가 맞구나 아직도 정신 못차리는것 보니	
문 대통령 "한반도 정세 전환하려고 했던 김정은의 결단·노력 잘 안다"	그런데 김정은의 대답은 빡 큐 였어...	
문 대통령 "한반도 정세 전환하려고 했던 김정은의 결단·노력 잘 안다"	더불어당,민노총,한국노총,민변,정의연대 그리고  모든 좌파단체와  종북인사들  적화된  세상에서  마음껏  민족끼리  원대한 꿈을 꾸고 임금투쟁하고  집회결사의 자유를 누려보시게나!	
문 대통령 "한반도 정세 전환하려고 했던 김정은의 결단·노력 잘 안다"	진정한 독재 정권 한테는 꼬리내리는 문제인	
문 대통령 "한반도 정세 전환하려고 했던 김정은의 결단·노력 잘 안다"	결단 노력이 무슨 민족을 위한거니? 자기네 정권을 위한거지 ㄷㅅ같은 문재인 ㅗㅗ	
문 대통령 "한반도 정세 전환하려고 했던 김정은의 결단·노력 잘 안다"	함경도탈북자 문재인 전라도민주당과 공산주의가 목표	
문 대통령 "한반도 정세 전환하려고 했던 김정은의 결단·노력 잘 안다"	기가막혀	
문 대통령 "한반도 정세 전환하려고 했던 김정은의 결단·노력 잘 안다"	일본이 저랬으면 단교한다고 지랄할 새끼임	
문 대통령 "한반도 정세 전환하려고 했던 김정은의 결단·노력 잘 안다"	저 신병자!!  히틀러도그렇고  빨갱이들 하나하나보면  진짜  정신병자들 이였지!!!	
문 대통령 "한반도 정세 전환하려고 했던 김정은의 결단·노력 잘 안다"	문재인이  스탠스가 애매했던거지,,, 미국한테는 북괴한테 비핵화해 줄테니 대화해보자고 하고,,, 북괴한테는  미국에게  경제적인 도움을 주겠다고 하고,,,미국이 어떤 미국인데,, 비핵화없이 북괴한테 그냥 경제적도움을 줘?? 북괴가 비핵화하겠냐?? 이러지도 저러지도 못하면서,,	
문 대통령 "한반도 정세 전환하려고 했던 김정은의 결단·노력 잘 안다"	세습독재의 공범	
문 대통령 "한반도 정세 전환하려고 했던 김정은의 결단·노력 잘 안다"	그냥 이용해 먹은건데 무슨 저렇게 찬양을 하냐? ㅋㅋㅋ 하긴 상전인데 까지도 못하는구나 ㅋㅋ 저딴 븅X을 대통령으로 뽑은 개돼지가 문제지	
문 대통령 "한반도 정세 전환하려고 했던 김정은의 결단·노력 잘 안다"	경제회복을 희생시킬수 없다며 코로나를 아직도 종식시키지 못하고 진행형으로  ~~뭐든지 제때 확실한 결단력없이  밍기적  거리다 다 놓쳐요	
문 대통령 "한반도 정세 전환하려고 했던 김정은의 결단·노력 잘 안다"	병x같은 소리하고 자빠졌네.. 넌 역사에 남을것같다. 안좋은 의미에서!!	
문 대통령 "한반도 정세 전환하려고 했던 김정은의 결단·노력 잘 안다"	도대체 문빠들 얼굴 좀 보자.  어떤 사람들이지.. 암만봐도 문재인은 문제인인데ㅡㅡ	
문 대통령 "한반도 정세 전환하려고 했던 김정은의 결단·노력 잘 안다"	이새끼는 맨날 항복선언같은거만 해대네	
문 대통령 "한반도 정세 전환하려고 했던 김정은의 결단·노력 잘 안다"	이 문짜빠구리는 어느나라 대통령이냐?	
문 대통령 "한반도 정세 전환하려고 했던 김정은의 결단·노력 잘 안다"	615는 북한이 먼저 깬거야. 박왕자 피살사건과 이어지는 천안함 연평도 사태로 이미 북한이 깨 버린거야. 개성공단과 금강산관광을 파토낸 전적인 책임은 북한에게 있어. 개성공단과 금강산 이미 끝난 것이고. 북한이 이미 개성공단과 금강산의 우리 자산을 접수한 거야. 전세계에 있는 북한의 비밀계좌를 정지시키고, 구상권을 청구해서 개성공단과 금강산의 우리시설에 대한 지분과 우리가 손해본 것에 대한 피해보상을 다 받아내야 해.	
문 대통령 "한반도 정세 전환하려고 했던 김정은의 결단·노력 잘 안다"	그냥  핵포기하면  믿어준다  아님  입닥치고  있자!	
문 대통령 "한반도 정세 전환하려고 했던 김정은의 결단·노력 잘 안다"	아니야 문 아저씨가 호구라서 이러는 거에요 호규 호규	
문 대통령 "한반도 정세 전환하려고 했던 김정은의 결단·노력 잘 안다"	평화 위한건 알겠는데 무조건 밀어부치지 말고  밀당이란걸 좀 해라  내뜻만 전하면되나?  상대상황 살핒도않고	
문 대통령 "한반도 정세 전환하려고 했던 김정은의 결단·노력 잘 안다"	짜증나 진짜.	
문 대통령 "한반도 정세 전환하려고 했던 김정은의 결단·노력 잘 안다"	평화쇼와 통일쇼에 남북관계는 더 악화일로~ 북한 너거끼리 잘살아라고 해야지~  뭘 퍼준다고 약만 바짝 올렸잖아~ㅋㅋㅋㅋㅋㅋ	
문 대통령 "한반도 정세 전환하려고 했던 김정은의 결단·노력 잘 안다"	평화  그 낱말은 아주 좋은 단어다  그런데  북한과의 평화는  어불성설이다   북한과의 평화는  국방력에 비례한다는 사실을..........................	
문 대통령 "한반도 정세 전환하려고 했던 김정은의 결단·노력 잘 안다"	쩔쩔 매는구나. 어쩌다가~~~	
문 대통령 "한반도 정세 전환하려고 했던 김정은의 결단·노력 잘 안다"	당신 때문에 혹시나 하면서 북한 지원 쇼한것 참고  지켜봐준 국민들 마음이나 이해 해라.	
문 대통령 "한반도 정세 전환하려고 했던 김정은의 결단·노력 잘 안다"	문대통령 당신은 대한민국의 통수권자이자 한나라의 대표 지도자 입니다 이제 그만 팔리는 행동은 그만하시길 국민의 한사람으로서 팔리고 자괴감이 듬 뭐로 보나 월등한 국력의 지도자가 나이도 한참 어린 자식같은 지도자 나라한테 왜 굽신 거립니까? 뭐가 잘못한게 있고 뭐가 구린게 있습니까? 제발 대한민국의 대통령이시면 대통령 답게 처신하세요 전쟁 그늠의 전쟁소리는 어릴적부터 수십년 들어온 이야기 지겹습니다 대한민국의 대통령 답게 처신해주셨으면 합니다	
문 대통령 "한반도 정세 전환하려고 했던 김정은의 결단·노력 잘 안다"	계속 북괴에 매달려 이제 얼마 안남았는데 청기와집에서 말이지,,퇴임 후 함경도 고향이니 넘어가야지,,남한에 있으면 감옥에 간다,,감옥 가기전에 자진 월북하여 남은 여생 정은이와 손잡고 남침 준비에도 도와주기를,,,	
문 대통령 "한반도 정세 전환하려고 했던 김정은의 결단·노력 잘 안다"	국민들은 전혀 모르는데 뭘 그리 아신다고 혼자만 그러시오~~ 답답하오~~	
문 대통령 "한반도 정세 전환하려고 했던 김정은의 결단·노력 잘 안다"	ㅋㅋㅋㅋ문재인 수준 그냥 입닫고 일이나해라	
문 대통령 "한반도 정세 전환하려고 했던 김정은의 결단·노력 잘 안다"	역대최악의 머저리~ 역사에 무능함의 1위로 남을 넘~	
문 대통령 "한반도 정세 전환하려고 했던 김정은의 결단·노력 잘 안다"	핵 없애면 될텐데.............. 쎗바닥만 길고............ ㅉㅉㅉㅉㅉㅉㅉㅉ	
문 대통령 "한반도 정세 전환하려고 했던 김정은의 결단·노력 잘 안다"	응  재앙아 넌 시간개념 없는 치매	
문 대통령 "한반도 정세 전환하려고 했던 김정은의 결단·노력 잘 안다"	재앙아 쟤네는 절~~~대 네버 자기정권 , 공산주의 포기 안한다 다 니 착각이고 아집이야 아마 당장 죽인다고 해도 사상 안바꾼다 컴퓨터 알고리즘보다 더 정확히 박혀있다쟤네 오직 단 하나의 목적은 남한 적화통일이야	
문 대통령 "한반도 정세 전환하려고 했던 김정은의 결단·노력 잘 안다"	뭔 결단과 노력? 솔직히 정은이 되고 나서 한게 문재인 만나자니 응답해 만나서 서로 사진찍고 냉면먹고백두산에서도 사진찍고  평양에서 문재인 연설하게 해주고 이거? 그와중에 미사일시설은 신축하고 계속시험발사해도 미확인 발사체라고 하면서 미사일이라고 하면 보도정정 요구하면서 입단속이나 하던가 기억한다	
문 대통령 "한반도 정세 전환하려고 했던 김정은의 결단·노력 잘 안다"	아 후빨을 왜하냐고... 체고조넘을 조롱해서 자존심을 완전히 무너뜨려야지	
문 대통령 "한반도 정세 전환하려고 했던 김정은의 결단·노력 잘 안다"	누구도 모르겠는 걸 혼자만 알고 있는 문재인 클라스 ㄷㄷㄷ	
문 대통령 "한반도 정세 전환하려고 했던 김정은의 결단·노력 잘 안다"	평화는 화해,협력을 통해서가 아니라 대등한 힘과 외교적 역량을 갖추었을 때 얻을 수 있는 것이다. 지금 한반도가 그나마 전쟁의 소용돌이에 휘말리지 않는 이유는 미국이란 강대국이 있어 동북아의 힘의 균형이 유지되고 있기 때문이지 북한놈들이 무슨 협력을 해서가 아니다. 김씨왕국은 70년동안 독재를 하며 항상 앞으로는 협력,화해의 제스처를 취하는 척하고 뒤로는 장거리미사일을 실험하며 핵을 개발했고 그 결과 현재 비대칭 전력을 확보한 상태다. 이런 놈들과 무슨 화해니 협력이니가 통하겠나? 외교와 국방력증강 외에는 평화를 위한 방법이 없다.	
문 대통령 "한반도 정세 전환하려고 했던 김정은의 결단·노력 잘 안다"	일개 주방장이 냉면을 쳐먹어도라고 해도..삶은 소대가리라 해도..묵묵.. 그래도 전하~..제발 노여움을 푸시죠 ..하며 머리 조아리는 꼴이..가관이 아니군.언제까지 이런 인간 같지도 않은 파렴치한 붉은족속들..김정은과 시진핑 이런놈들 한테...이렇게 굴종..바닥을 길래..고마해라..대한민국국민얼굴에 똥칠하지 말고..아주 세계의 조롱거리로 전락시키고 나라를 갖다 들어바칠 거 아니믄.. 고마하란 말이다..	
문 대통령 "한반도 정세 전환하려고 했던 김정은의 결단·노력 잘 안다"	부칸 주체사상을 지지하며 대한민국을 바치려는 그대들의 결단,노력을 잘 안다. 국회도 접수했겠다 이젠 시간문제네.	
문 대통령 "한반도 정세 전환하려고 했던 김정은의 결단·노력 잘 안다"	북에신경끄고 하던대로 국내경제나 살리세요.서민들에게만지원한번더해주세요.전국민 다주니 물가올라 서민들 더죽어요.	
문 대통령 "한반도 정세 전환하려고 했던 김정은의 결단·노력 잘 안다"	역대 이런 대통령이 있었나ㅋㅋㅋㅋㅋㅋㅋㅋㅋ 색깔확실해서 좋다	
문 대통령 "한반도 정세 전환하려고 했던 김정은의 결단·노력 잘 안다"	보좌관이나 참모중 누가 조언을 하는건지 모르겠지만, 예전부터 진짜 저런식의 이벤트(?) 구성은 잘하는듯. 실무적인 해결방법이나 대안보다는 이벤트를 통한 해결을 많이 고심하는 듯. 조만간에 노무현 대통령이 탔던 자전거도 소환이 될 수 있다고 봄. ★★ 그리고 축하합니다. 어째 북한기사가 나오면서 윤미향에 대한 기사는 많이 줄어들었군요. 혹시 이것도 더블어민주당과 청와대가 합작하고, 그렇게 좋아하는 북한을 주연배우로 이용한 꼼수인가요? ★★	
문 대통령 "한반도 정세 전환하려고 했던 김정은의 결단·노력 잘 안다"	문재앙은 아무리생각해도 정신이 간것같다 예전에 박근혜대통령이 통일은 대박이라고 했던이유가 북한정권이 언젠가 스스로 자멸하는 모습을 알고있었기에 예기한거고 급변사태때 최악의 경우를 생각하여 미국과 손잡고 선제타격계획까지 잡고있었는데 문재앙이 집권하고나서 무너져가는 북한공산주의 불씨를 살린거다 역껴운 대깨문들아..	
문 대통령 "한반도 정세 전환하려고 했던 김정은의 결단·노력 잘 안다"	남한은 무조건 항복이다	
문 대통령 "한반도 정세 전환하려고 했던 김정은의 결단·노력 잘 안다"	분자이또라(문재앙) 일본 원숭이새끼는 대한민국의 주적이다.	
문 대통령 "한반도 정세 전환하려고 했던 김정은의 결단·노력 잘 안다"	ㅗ.^^.ㅗ	
문 대통령 "한반도 정세 전환하려고 했던 김정은의 결단·노력 잘 안다"	대한민국국민의 노력과 고생과 안전과 세금도 좀 생각 해주라.... 당신돈으로 하는건 아무도 뭐라 안한다고... 어느나라 대통령인고 국회의원인지 모르겠다 정말.... 북한이 뭐라하면 무슨 난리라도 난거처럼 펄쩍펄쩍 뛰며 반응하면서 대한민국국민은 청원 답변받는데 왜 20만명이 필요한거임??? 대북제제가 무슨 미국잘못임?? 유엔은 어디다 팔아먹었음??? 대한민국이 언제 유엔 탈퇴했는지 알고 싶으네....	
문 대통령 "한반도 정세 전환하려고 했던 김정은의 결단·노력 잘 안다"	벽 보고 혼자 얘기 함? 중얼 중얼	
문 대통령 "한반도 정세 전환하려고 했던 김정은의 결단·노력 잘 안다"	아주 더 미치게 만드는구나ㅋㅋ 트럼프 꼬붕되서 김정은보고 선 비핵화하라고 하구 북한을 지 지지율 올리는데다 온갖 이용다하구 내팽개쳐서 김정은이 뚜껑열린건데 이제와서 이미 다 시설 철거하구 버린 금강산을 다시 재개하자는 헛소리나하니 언플이고 농락하는거지ㅋ 이제 북한의ㅇ도발만 기다려라 니 지지율도 추락하게 될거 기다리구ㅋ	
문 대통령 "한반도 정세 전환하려고 했던 김정은의 결단·노력 잘 안다"	통일해서 외노자 대신 북한 주민들로 채우고 싶나본데 미국에서 인종차별로 난리나는 것 이상의 혼란이 찾아올거임 ㅋㅋ	
문 대통령 "한반도 정세 전환하려고 했던 김정은의 결단·노력 잘 안다"	독재자를 위해 독재자가 된 사나이  ㅋㅋ	
문 대통령 "한반도 정세 전환하려고 했던 김정은의 결단·노력 잘 안다"	다음사이트 대깨문들 대가리 깨지고 있음ㅋㅋㅋ	
문 대통령 "한반도 정세 전환하려고 했던 김정은의 결단·노력 잘 안다"	문재인,민주당은 북한 김정은,김여정이 알게모르게 도움으로 국회장악까지 했는데,김정은,김여정은 개밥에 도토리신세~잘된거는 한가지도 없네?문재인,민주당한테 제대로 속은거임!ㅋㅋ	
문 대통령 "한반도 정세 전환하려고 했던 김정은의 결단·노력 잘 안다"	이건 그저 국가간의 외교나 협상, 선언의 문제가 아니다.................사랑이다..........그것도 아주 애틋하고 절대적인.......맹목적인 사랑.............문재인 대통령께서 늦은 나이에 사랑을 알게되셨는데...........좀 걱정이네요...	
문 대통령 "한반도 정세 전환하려고 했던 김정은의 결단·노력 잘 안다"	같은 대한민국 국민을 김정은이 처럼 이해하려 노력해봐라.	
문 대통령 "한반도 정세 전환하려고 했던 김정은의 결단·노력 잘 안다"	현재 사실상 북한 괴뢰국인 한국의 인민 여러분 안녕하쉽니꽈?  훠훠훠	
문 대통령 "한반도 정세 전환하려고 했던 김정은의 결단·노력 잘 안다"	좌좀 대깨문들이 논리 북한이랑 전쟁하기 무섭다 주한미군 필요없다 전쟁하느니 적화통일하자 노력해서 잘사는거 필요없고 편안히 평등하게 배급 받으면서 살자	
문 대통령 "한반도 정세 전환하려고 했던 김정은의 결단·노력 잘 안다"	군대 재배치 했다는데도 헛소리만 하고 있구나. 치고 내려 와도 너와 나는 친구야. 할 사람이네	
문 대통령 "한반도 정세 전환하려고 했던 김정은의 결단·노력 잘 안다"	가만히 두면 붕괴될건데  그때  할 일이  먆은데 왜 안달나서 저러는지? 손안대고 코풀텬데...암튼  실없는짓 마니힌다  그 열정으로 우리 국민을 위해 일했더라면 존경받을덴데  지금은 욕받이로 전락  그래도 좋다고?청솨대에 미사일 떨어져야 정신차릴건가?	
문 대통령 "한반도 정세 전환하려고 했던 김정은의 결단·노력 잘 안다"	카스페라호 한국인 선원 죽인 조선족 변호한것도 피해자보다 가해자의 입장을 더 공감했을거야. 완전 사이코패스임	
문 대통령 "한반도 정세 전환하려고 했던 김정은의 결단·노력 잘 안다"	가지가지한다ᆢ진짜ᆢ못봐주겠다	
문 대통령 "한반도 정세 전환하려고 했던 김정은의 결단·노력 잘 안다"	아  진짜 미치겠내	
문 대통령 "한반도 정세 전환하려고 했던 김정은의 결단·노력 잘 안다"	형님~~~~~ 제발 마음 변하지 마세요!!! 문재인 올림	
문 대통령 "한반도 정세 전환하려고 했던 김정은의 결단·노력 잘 안다"	문제인 고향 북한... 김정은과 북한 향우회 동지...	
문 대통령 "한반도 정세 전환하려고 했던 김정은의 결단·노력 잘 안다"	장난하냐 원래 핵무기때문에 생긴일인걸 잊으셨나 북한한테 핵무기 포기하라그래 그러면 원하는걸 얻을수있다고 왜 북한한테 핵무기포기하라고 못하고 쓸데없는 말만하는지	
문 대통령 "한반도 정세 전환하려고 했던 김정은의 결단·노력 잘 안다"	21세기 이완용 문재인 대통령 화이팅!	
문 대통령 "한반도 정세 전환하려고 했던 김정은의 결단·노력 잘 안다"	곧 반미 평화시위 하고나서 연방제 개헌할거다	
문 대통령 "한반도 정세 전환하려고 했던 김정은의 결단·노력 잘 안다"	이쯤되면 정신병 심한것 같다	
문 대통령 "한반도 정세 전환하려고 했던 김정은의 결단·노력 잘 안다"	김정은이랑 더듬당이랑 손잡고 주식으로 돈을 쓸어 담는구나	
문 대통령 "한반도 정세 전환하려고 했던 김정은의 결단·노력 잘 안다"	저런 새끼를 대통령이라고 앉혀놨으니..	
문 대통령 "한반도 정세 전환하려고 했던 김정은의 결단·노력 잘 안다"	도데체 김정은이가 한반도 평화 정착에 무슨노력을했다고 잘안다고 하는거냐? 적장에게 아부를떨어도 어느정도껏 해야지 옥류관 주방장 나부랑이에게 요살을떨면서 냉면 쳐먹았다는 이야기를 듣고도 아부를떤다면 니가 공수부대 출신이라는것이 아무리생각해봐도 의심스럽구나. 대한민국의 공수부대원출신들이 너처럼 비굴하고 한심한 집단이었단 말이냐?	
문 대통령 "한반도 정세 전환하려고 했던 김정은의 결단·노력 잘 안다"	읽을가치조차 못느낀다  내려와 당장	
문 대통령 "한반도 정세 전환하려고 했던 김정은의 결단·노력 잘 안다"	그래서 3년동안 핵폐기했냐?	
문 대통령 "한반도 정세 전환하려고 했던 김정은의 결단·노력 잘 안다"	이건 윤미향을 덮기위한 남북합작 쇼다....윤미향 제대로터지면 노무현재단과 그외 수많은 시민단체로 번져서 이정권의 위기가오니까.....	
문 대통령 "한반도 정세 전환하려고 했던 김정은의 결단·노력 잘 안다"	작년 수출규제 때, 아베한테 무릎꿇으라던 미통당 왜구들의 멍멍 소리는 영원하구나!~~~~~~~~~~~~~	
문 대통령 "한반도 정세 전환하려고 했던 김정은의 결단·노력 잘 안다"	김정은이가 핵 포기를 위해 무엇을 노력했는가????  핵포기 없인 아무것도 못하는 거 당신도 알지 않는가??	
문 대통령 "한반도 정세 전환하려고 했던 김정은의 결단·노력 잘 안다"	ㅋㅋㅋ 없는 태블릿 없는 증거로 구속도 잘 시키더니 없는 노력과 없는 공도 만들어 줘버리는 이 개만도 못한 문가색이를 어찌 조져야 되냐? 징역 1만년으로도 안될것 같은데	
문 대통령 "한반도 정세 전환하려고 했던 김정은의 결단·노력 잘 안다"	나라 곳간 거덜내고 또 상납준비 하겠네 ㅋㅋㅋ	
문 대통령 "한반도 정세 전환하려고 했던 김정은의 결단·노력 잘 안다"	어디가 집권당이 되든 의혹이 터지면 이래저래 눈을 다른데 돌리는구나..  그 중 최고는 역시 북한 얘기지	
문 대통령 "한반도 정세 전환하려고 했던 김정은의 결단·노력 잘 안다"	그렇게 북한 빨아댈거면 아예 북한 밑으로 들어가자고 해라 위대한 김정은 수령님 모시고 살자고 해라	
문 대통령 "한반도 정세 전환하려고 했던 김정은의 결단·노력 잘 안다"	박근혜대통령 존나 그립노	
문 대통령 "한반도 정세 전환하려고 했던 김정은의 결단·노력 잘 안다"	미사일 쏘는게 적화통일 노력이면 맞는말이긴 하지.	
문 대통령 "한반도 정세 전환하려고 했던 김정은의 결단·노력 잘 안다"	똑같은 넘들끼리 잘 논다.	
문 대통령 "한반도 정세 전환하려고 했던 김정은의 결단·노력 잘 안다"	어이 정신차려 후배 같으면 진짜  쳐 죽이고싶다.	
문 대통령 "한반도 정세 전환하려고 했던 김정은의 결단·노력 잘 안다"	삽질하고 자빠졌네!	
문 대통령 "한반도 정세 전환하려고 했던 김정은의 결단·노력 잘 안다"	나라 개망신은 북한이 다 시켜주는구나.이게 바로 국력이지	
문 대통령 "한반도 정세 전환하려고 했던 김정은의 결단·노력 잘 안다"	싫다자나 노스꼬레아가	
문 대통령 "한반도 정세 전환하려고 했던 김정은의 결단·노력 잘 안다"	첨부터 그럴 맘 없었거던,,, 아휴 정말 순진한 건지, 바보인지, 아직까지 달나라 타령이나 하고 있으니,,,,ㅉㅉㅉ	
문 대통령 "한반도 정세 전환하려고 했던 김정은의 결단·노력 잘 안다"	고집센 공산주의자	
문 대통령 "한반도 정세 전환하려고 했던 김정은의 결단·노력 잘 안다"	정은이하고 짯냐 진짜? 플랜 냄새가 난다	
문 대통령 "한반도 정세 전환하려고 했던 김정은의 결단·노력 잘 안다"	인지능력부족 뭉가넘 땜에 나라가 망쪼	
문 대통령 "한반도 정세 전환하려고 했던 김정은의 결단·노력 잘 안다"	야~~  댓글 올릴때 장난스럽게 올리지마라  ( ㅋㅋ)  (ㅎㅎ)  28넘들아   졷데가리  망치로 치기전에  정성것 글 올려라~  게시키들	
문 대통령 "한반도 정세 전환하려고 했던 김정은의 결단·노력 잘 안다"	댓글이 한사람이 적는거 같네 ㅋㅋㅋ 태극기는 우리나라의 국기임에도 불구하고 특정 정치당과 엮는 만행을 저지른 사람들이 최저임금 받고 열심히 불법 매크로 돌리는가 보네 ㅎ	
문 대통령 "한반도 정세 전환하려고 했던 김정은의 결단·노력 잘 안다"	우리 김정은 동무한테도 쇼하는기니? 소대가리 터지고 싶니?	
문 대통령 "한반도 정세 전환하려고 했던 김정은의 결단·노력 잘 안다"	이딴거 지지하고 180석 만들어준 것들도 같은 한표인게 짜증난다	
문 대통령 "한반도 정세 전환하려고 했던 김정은의 결단·노력 잘 안다"	민주화 세력도 2종류다. 하나는 진짜 독재타도를 외친 세력이고, 하나는 북한 방송들으며 북한 추종하면서 남한을 전복하려던 내란 세력이다. 문재인과 민주당의 운동권 세력은 후자에 속한다~~~ 앞으로 대한민국의 체질은 자유민주주의에서 -----------> 사회주의로 급격하게 변모될 것이다. 모든 법들이 고쳐질 것~!!!	
문 대통령 "한반도 정세 전환하려고 했던 김정은의 결단·노력 잘 안다"	우리가 잘못아는것중 하나가 있다.  북한인민은 당과 수령의 노예들이며 백성일뿐이다.  이들은 태생부터 백두혈통의 신격화를 배웠고 근본적으로 자유적인 사상을 포기당했다.  5000만 한국민앞에서 약속한것뿐인데 금방 뒤집고 군사행동하겠다등으로 겁박과 공갈을 치고 있는것은 전혀 평화적인 관계로 개선하겠다는의지는 없는것이다.  오히려 핵무기는 증산일로에 있고 소형핵무기까지 투발할태세인것이다.   적당히 평화적시간만 보내고 퇴임후 잘했다는 소리를 듣고싶으나 현실은 녹녹치않다. 핵무기가 있으면 책임지겠다던 김대중처럼 조소나 받지않을까걱정이다.	
문 대통령 "한반도 정세 전환하려고 했던 김정은의 결단·노력 잘 안다"	완전히  봉숭아학당샘이네  숭구리당당  으니 마음은  이니가 안다	
문 대통령 "한반도 정세 전환하려고 했던 김정은의 결단·노력 잘 안다"	문쭈쭈 해주면 일 없다	
문 대통령 "한반도 정세 전환하려고 했던 김정은의 결단·노력 잘 안다"	속으면서 무시당하면서  대통령취급도못받으면서 집착은대단해요  군사분계선도  본인이먼저추진 헐어버린 철조망  내가정말이지그럴줄알았지요 하는일이뭐하나 성공시킨것이없으니까	
문 대통령 "한반도 정세 전환하려고 했던 김정은의 결단·노력 잘 안다"	너만 착각 하고 있다고	
문 대통령 "한반도 정세 전환하려고 했던 김정은의 결단·노력 잘 안다"	ㅋㅋㅋㅋㅋㅋ 굽신굽신 개쩌네 ㅋㅋㅋㅋㅋㅋㅋㅋ 발가락도 핥겠다 이러다가 ㅋㅋㅋ	
문 대통령 "한반도 정세 전환하려고 했던 김정은의 결단·노력 잘 안다"	헛소리하네 노력같은건 애당초에 없었어 이용만 당한거지 학습능력이 없어도 너무 없어	
문 대통령 "한반도 정세 전환하려고 했던 김정은의 결단·노력 잘 안다"	노력?? 천안함 폭침시킬려고  노후장비로 노력한거 안다. 연평도 좌표는 누가줬나? 똥별이 주드나? 노후된 갱도에 노후된 포에 노후된 관측장비로 정확히 목표물에 맞출려고 얼마나 노략했겠는지 감히 상상해도 되겠나?	
문 대통령 "한반도 정세 전환하려고 했던 김정은의 결단·노력 잘 안다"	곧 죽어도 북한이야. 아직도 지지하는것들보면 참.....	
문 대통령 "한반도 정세 전환하려고 했던 김정은의 결단·노력 잘 안다"	누구를 위한 약속인데요..?  둘이 한거 아닌가?  난 그러라고 한적없음!	
문 대통령 "한반도 정세 전환하려고 했던 김정은의 결단·노력 잘 안다"	멍청하고 한심한 인간!!	
문 대통령 "한반도 정세 전환하려고 했던 김정은의 결단·노력 잘 안다"	무슨 노력?  핵무기은 그대로 유지하면서 미국 규제 풀려고 했던 노력?	
문 대통령 "한반도 정세 전환하려고 했던 김정은의 결단·노력 잘 안다"	재네들 상대로 지금 뭐하는 거냐? 나라가 불쌍하다.김정은 정권과 평화 협력 이라는 대통령의 망상에 전 국민이 담보로 잡혀있다	
문 대통령 "한반도 정세 전환하려고 했던 김정은의 결단·노력 잘 안다"	뭐하는 겁니까 문대령통씨..	
문 대통령 "한반도 정세 전환하려고 했던 김정은의 결단·노력 잘 안다"	정은이 내시, 나팔수, 대변인, 홍보관	
문 대통령 "한반도 정세 전환하려고 했던 김정은의 결단·노력 잘 안다"	조작계표기로 180석된 여당아 문통아 차라리 친미를 하면 모두 잘살고 역사에 이름이 남을거요	
문 대통령 "한반도 정세 전환하려고 했던 김정은의 결단·노력 잘 안다"	욕이 막 나온다. 능력도 없으면서 어디에다  대한민국 파는 조건으로 대통령 된 주제에	
문 대통령 "한반도 정세 전환하려고 했던 김정은의 결단·노력 잘 안다"	그 노력을 우찌 그리 잘 알꼬...  니들 혹시 원하는게 노벨 평화상이냐?	
문 대통령 "한반도 정세 전환하려고 했던 김정은의 결단·노력 잘 안다"	한심하다  ! 포탄세례 맞아야 정신줄 챙기겠니 ?	
문 대통령 "한반도 정세 전환하려고 했던 김정은의 결단·노력 잘 안다"	야 국민들 들고일어나기전에 부정선거에 대해서 파헤쳐라. 사실인지 아닌지는 까봐야아는거아니냐? 지금 의혹들은 계속 나오고있는데 왜 아무런 제스쳐가없냐 한나라의 대통령이라는 작자가 자꾸 니편 내편만 나누고 내편은 호의호식하게 두는데 적당히해라.	
문 대통령 "한반도 정세 전환하려고 했던 김정은의 결단·노력 잘 안다"	노력 조금만 더 하면 핵미사일 쏘겠네 ㅋㅋㅋ 재앙이나 정은이 제발 노력하지말고 암것도 하지마	
문 대통령 "한반도 정세 전환하려고 했던 김정은의 결단·노력 잘 안다"	문대통령님, 북한 가서 즐겁게 사세요. 왜 본인 사상과도 맞지 않는 대한민국에서 사십니까?	
문 대통령 "한반도 정세 전환하려고 했던 김정은의 결단·노력 잘 안다"	이 샠히가 정말 국민들의 인내심의 막장을 보게 하는구만 ㅉㅉ	
문 대통령 "한반도 정세 전환하려고 했던 김정은의 결단·노력 잘 안다"	에고 뭔gral이고	
문 대통령 "한반도 정세 전환하려고 했던 김정은의 결단·노력 잘 안다"	풉! 눈에 사태가 낀 독재자넘들끼리 약속은 얼어죽을...	
문 대통령 "한반도 정세 전환하려고 했던 김정은의 결단·노력 잘 안다"	저렇게 아둔한게 대통령이라니 지나가는 개가웃겠다	
문 대통령 "한반도 정세 전환하려고 했던 김정은의 결단·노력 잘 안다"	정말 제정신인지....	
문 대통령 "한반도 정세 전환하려고 했던 김정은의 결단·노력 잘 안다"	김정은의 결단과노력은 핵을 포기하지않고 상대를 기만하고,숨기고,거짓말로 일관한거?....그것을 문재인과대깨문들은 묵인하고,감싸준거???~~~	
문 대통령 "한반도 정세 전환하려고 했던 김정은의 결단·노력 잘 안다"	뚱딴지같은 용비어천가냐?  미사일 날리고 GP 사격한게 뭔 결단이고 노력이지?   김정은에게 잘 보일려고 감언이설하는거 진짜 눈꼴 사납니다.   니가 한 나라의 다통령 맞기는 하냐?	
문 대통령 "한반도 정세 전환하려고 했던 김정은의 결단·노력 잘 안다"	남의나라에는 좋은말만하고, 깊은 인내심으로 다이해하면서~ 정작 자국민은 호구로생각하세요?	
문 대통령 "한반도 정세 전환하려고 했던 김정은의 결단·노력 잘 안다"	이러다 아오지탄광 가서 석탄 캐는거 아닌가 모르겠네...	
문 대통령 "한반도 정세 전환하려고 했던 김정은의 결단·노력 잘 안다"	한심하단말 밖엔	
문 대통령 "한반도 정세 전환하려고 했던 김정은의 결단·노력 잘 안다"	문가 얘는 저넘들이 탱크 앞세워 쳐들어와도 '대응사격 불허, 방문을 환영합니다'하고 떠들어 댈 넘이야.	
문 대통령 "한반도 정세 전환하려고 했던 김정은의 결단·노력 잘 안다"	제정신인가?	
문 대통령 "한반도 정세 전환하려고 했던 김정은의 결단·노력 잘 안다"	그냥 그만두고 어디 짱박혀서 면요리나 쳐먹으면어 살길^♡^	
문 대통령 "한반도 정세 전환하려고 했던 김정은의 결단·노력 잘 안다"	북한으로 꺼져주세요~~ㅗㅗ	
문 대통령 "한반도 정세 전환하려고 했던 김정은의 결단·노력 잘 안다"	그 입 닫아라 삶은 소대가리  요사스런 놈아	
문 대통령 "한반도 정세 전환하려고 했던 김정은의 결단·노력 잘 안다"	김여정이가 모든걸 되돌린다	
문 대통령 "한반도 정세 전환하려고 했던 김정은의 결단·노력 잘 안다"	이 놈 먼저 잡아야 할 듯	
문 대통령 "한반도 정세 전환하려고 했던 김정은의 결단·노력 잘 안다"	이정도면 안쓰럽다 이제;; 거의 애걸복걸 하네;;;	
문 대통령 "한반도 정세 전환하려고 했던 김정은의 결단·노력 잘 안다"	우리국민들 노력이나 잘좀 알아주세요.	
문 대통령 "한반도 정세 전환하려고 했던 김정은의 결단·노력 잘 안다"	뭘 알고 저러는지? 대통령이란 자가 국익은 안중에도 없고 그저 감성팔이에만 정신이 팔려서.....불쌍한건 개돼지들.....	
문 대통령 "한반도 정세 전환하려고 했던 김정은의 결단·노력 잘 안다"	다 갖다주고 무릎꿇고 빌지	
문 대통령 "한반도 정세 전환하려고 했던 김정은의 결단·노력 잘 안다"	잘알면....지금 뒤집힌것도 잘알아야지..,왜 모른척하고있노???꼰대질이야?!!	
문 대통령 "한반도 정세 전환하려고 했던 김정은의 결단·노력 잘 안다"	걍 줘터지고 적화통일당하자	
문 대통령 "한반도 정세 전환하려고 했던 김정은의 결단·노력 잘 안다"	북한에는 저리도 관대하실 수가!!!!!	
문 대통령 "한반도 정세 전환하려고 했던 김정은의 결단·노력 잘 안다"	어휴. . .	
문 대통령 "한반도 정세 전환하려고 했던 김정은의 결단·노력 잘 안다"	8000만?? 2500만 괴뢰겠지,, 혼자 북치고 장구치고..	
문 대통령 "한반도 정세 전환하려고 했던 김정은의 결단·노력 잘 안다"	병이다병	
문 대통령 "한반도 정세 전환하려고 했던 김정은의 결단·노력 잘 안다"	나무위키가 웬일이래 이 病身들이? 상도덕조차도 거의 없이 그저 돈 밝히면서도 정치인들은 서슴없이 폭로하는 일베 성향의 탈세 전문 위키가? https://yangcook0606.tistory.com/77	
문 대통령 "한반도 정세 전환하려고 했던 김정은의 결단·노력 잘 안다"	문재인 대통령에 무지 실망이다.저 미소에 속다니!하야가 답이다.	
문 대통령 "한반도 정세 전환하려고 했던 김정은의 결단·노력 잘 안다"	김정은똥개도아니고똥개하려면북한으로가라.우리국민힘들게하지말고.	
문 대통령 "한반도 정세 전환하려고 했던 김정은의 결단·노력 잘 안다"	저런 사람을 대통령으로 뽑고 거대여당 만든 생각없는 역사의 죄인들은  꼭 기억해라. 니들 손꾸락을	
문 대통령 "한반도 정세 전환하려고 했던 김정은의 결단·노력 잘 안다"	김정은이 누구로?	
문 대통령 "한반도 정세 전환하려고 했던 김정은의 결단·노력 잘 안다"	매번 발생하는 이슈의 본질에 대한 사실직시와 해결방안 제시는 외면하고 어떻게 원론적인 이야기만 앵무새처럼 반복하는가? 이를 지켜보는 국민에게는 피상적으로 그저 힘을 모아달라니...	
문 대통령 "한반도 정세 전환하려고 했던 김정은의 결단·노력 잘 안다"	비위도 좋다 이렇게 개무시 당하면서면서 북한 두둔이냐 ? 국내 사회가 별 이상한 범죄, 아동학대 가족살인등 온갖 흉악 범죄로 흉흉한거는 안 들리니 ? 예부터 윗 대가리가 정치질 잘못하면 민심이 흉흉 한거야 역사책도 좀 봐라 . 그리고 그렇게 북쪽을 이해하면 네가 건너가서 계몽하고 개혁 해 여기서 조동이로 어쩌구 저쩌구 하지 말구.잘 살구있는 나라도 개판 만들면서 남의밥상에 숫가락 얻으려고 JR은 .	
문 대통령 "한반도 정세 전환하려고 했던 김정은의 결단·노력 잘 안다"	속아주는  나쁜 사람들!  속이는  못된넘들!   선전선동하는 죽ㅇㅇ들! 놀아나는 불쌍한 민초들!  미래가  역사에  어찌  기록될까요?  자유가  억압  받는  암울한  미래만   아니기를  ~~~~!	
문 대통령 "한반도 정세 전환하려고 했던 김정은의 결단·노력 잘 안다"	편도결석 같은 정권	
문 대통령 "한반도 정세 전환하려고 했던 김정은의 결단·노력 잘 안다"	혼자서 달밤에  추는 " 요사춤 " ... 달 타령 은 흐르고 ...	
문 대통령 "한반도 정세 전환하려고 했던 김정은의 결단·노력 잘 안다"	참나 한심하네. 비핵화는 커녕 오히려 핵무기 갯수를 늘렸다는데 무슨 노력을 했다고? 이 양반 정신세계가 정말 궁금하네	
문 대통령 "한반도 정세 전환하려고 했던 김정은의 결단·노력 잘 안다"	문씨는 언제 정신을 차릴지짜빠구리나 먹고 오른쪽으로 돌려라그냥 아마것도 하지마라 그것이 국민을 위한 길이다	
문 대통령 "한반도 정세 전환하려고 했던 김정은의 결단·노력 잘 안다"	순진 띨빡 멍청하기는... 한반도 정세 전환하려고 했던게 아니라 남한을 이용하여 옥죄여 오는 규제를 풀어 보려고 했던 거지..	
문 대통령 "한반도 정세 전환하려고 했던 김정은의 결단·노력 잘 안다"	ㅋㅋㅋㅋ역시나 북한 수석대변인다운 발상이시네요 그래서 애꿎은 우리 국민들 상대로 지뢰설치하고 어뢰날리냐 짐승같은놈아	
문 대통령 "한반도 정세 전환하려고 했던 김정은의 결단·노력 잘 안다"	그 놈의 북한북한ㅋㅋㅋㅋㅋㅋㅋㅋ	
문 대통령 "한반도 정세 전환하려고 했던 김정은의 결단·노력 잘 안다"	이제 보니까 문재인은 북한수석대변인이 아니라 그냥...에휴 말을 말자	
문 대통령 "한반도 정세 전환하려고 했던 김정은의 결단·노력 잘 안다"	일베될껴? 좌빨될껴?  나?  일베	
문 대통령 "한반도 정세 전환하려고 했던 김정은의 결단·노력 잘 안다"	8천만 겨레 어휴 진짜	
문 대통령 "한반도 정세 전환하려고 했던 김정은의 결단·노력 잘 안다"	그놈에 북한사랑 지긋지긋허다 정말..	
문 대통령 "한반도 정세 전환하려고 했던 김정은의 결단·노력 잘 안다"	개소리 독재자와 평화하려면, 독재자가 사라지거나 독재자의 그늘로 들어가거나 둘 중에 하나	
문 대통령 "한반도 정세 전환하려고 했던 김정은의 결단·노력 잘 안다"	삶은소대가리는 구라만 쳐서 신뢰가 없는거다..	
문 대통령 "한반도 정세 전환하려고 했던 김정은의 결단·노력 잘 안다"	정도껏해야지...	
문 대통령 "한반도 정세 전환하려고 했던 김정은의 결단·노력 잘 안다"	김정은 대변인?	
문 대통령 "한반도 정세 전환하려고 했던 김정은의 결단·노력 잘 안다"	북조선 통일선전부장 문재인의 독담이었군!	
문 대통령 "한반도 정세 전환하려고 했던 김정은의 결단·노력 잘 안다"	문재인은 악마보다 더 악한 자입니다.	
문 대통령 "한반도 정세 전환하려고 했던 김정은의 결단·노력 잘 안다"	믄 노력을 했누..하늘땅 부수고 밀고허서 길 다 터주고 북한은 뭐하나 한것도.없는데 국민혈세로 해외여행 잘 다니고 냉면먹고 백두산에 가서 한판찍고 가보고 싶은곳에 가 봤으니 소원도 이루고 국민을 위해 한일은 아닌거 같다.조만간 국민에게 평화의 공산주의자로 선포할 기세구먼..	
문 대통령 "한반도 정세 전환하려고 했던 김정은의 결단·노력 잘 안다"	김정은의 결론은 카다피다 그래서 북한 주민들 부터가 자유가 없는거고 평양과 개성쪽 시민들은 충성심 높은 사람들만 거주 하는거다. 왜 그러겠어 지은죄가 많으니 작은 헛점만 보여도 자유를 갈망하는 북한 주민들이 일으킨 내란에 카다피처럼 동탁처럼 죽을수 있으니 북한 주민들을 노예처럼 부려 먹는거지 .. 북한의 상황은 단순한데 김정일이 통일을 바라고 평화를 바란다고??.. 자국민들 굶겨죽여, 얼려죽여, 정치범수용소로 보내고, 남한불바다, 핵위협 등이 평화야???..김정은은 북한을 비핵화 하겠다는 말 없었다. 모두 문재인 입에서 나온거지.	
문 대통령 "한반도 정세 전환하려고 했던 김정은의 결단·노력 잘 안다"	아니 진짜 정신이 이상자인가???	
문 대통령 "한반도 정세 전환하려고 했던 김정은의 결단·노력 잘 안다"	국민은 코로나로 다 죽어가고 가게는 다 문닫는데 국민은 안중에도  없고  오로지 김정은 비서 노릇맛 하는구나..	
문 대통령 "한반도 정세 전환하려고 했던 김정은의 결단·노력 잘 안다"	거의 추념사 같은 말이지? 역시 문통은 알고 있었어. 김정은은 이제 고모부가 곁으로 가 있다는 것을. 문통 역시 그렇게 좋아하던 정은이에게 갈 날도 머지 않았다. 이번 부정선거, 증거가 넘쳐도 정의가 힘이 없어 여론에서 다루지를 않지만, 무의식의 힘은 의식보다 강하단다. 아무리 우리가 정의다라고 소리쳐봐야, 당신이 부정한 것 같다는 의심이 생기면 그 흐름을 막을 수 없다. 결과는 박근혜 탄핵 때보다 더 처참할 것이다.	
문 대통령 "한반도 정세 전환하려고 했던 김정은의 결단·노력 잘 안다"	니가 김정은 대변인 이냐	
문 대통령 "한반도 정세 전환하려고 했던 김정은의 결단·노력 잘 안다"	겨례같은 ㄱ소리	
문 대통령 "한반도 정세 전환하려고 했던 김정은의 결단·노력 잘 안다"	북한을 어찌 믿냐? 보이게 욕심만 드러 내는데 어찌 그걸 다 받아 준다고 하냐?비위 마추기도 때가 있는 듯 .지금은 자중이 오히려 나을 듯 하다.금쪽 같은 동지가 아니고 쪽박 깨는 짓만 하는 북한인데 우선 그걸 모른다.코로나 처럼 북한과도 거리 두기 하고 김정은이나 김여정 ,즉 북한과의 관계개선 때를기다려라! 화를 돋구지 말고?그리고 유비무환 정신으로국방 재 무장하라.국민들 불안하게 하지마라.	
문 대통령 "한반도 정세 전환하려고 했던 김정은의 결단·노력 잘 안다"	이완용처럼 문완용도 평화를 위해 주권을 오랑케에게 넘기나요?	
문 대통령 "한반도 정세 전환하려고 했던 김정은의 결단·노력 잘 안다"	?????나원참	
문 대통령 "한반도 정세 전환하려고 했던 김정은의 결단·노력 잘 안다"	아 역겨워 아침부터 재앙이 이름만보면 칼갈고싶음	
문 대통령 "한반도 정세 전환하려고 했던 김정은의 결단·노력 잘 안다"	백 번 양보해서 옳은 말을 했다고 쳐도 북한이 말을 들어처먹을 거라는 기대부터 넌센스다	
문 대통령 "한반도 정세 전환하려고 했던 김정은의 결단·노력 잘 안다"	너같은  바보 뒤통수치며 핵,미사일,방사포,잠수함개발하느라 그런거야,    아직도  모르겠니?  이  등,,,,,,,,,,,,,,,,,,,ㅅ ㄴ 아	
문 대통령 "한반도 정세 전환하려고 했던 김정은의 결단·노력 잘 안다"	재드래곤이 더  힘들어질듯하네.  50조든 100조든 지원약속해라. 줘버려그냥..	
문 대통령 "한반도 정세 전환하려고 했던 김정은의 결단·노력 잘 안다"	이 무신 귀신 씨나락 까먹는 소리~	
문 대통령 "한반도 정세 전환하려고 했던 김정은의 결단·노력 잘 안다"	두 사기 공범들,,, 내부자들...............	
문 대통령 "한반도 정세 전환하려고 했던 김정은의 결단·노력 잘 안다"	노벨상이라도 타고싶어 ?	
문 대통령 "한반도 정세 전환하려고 했던 김정은의 결단·노력 잘 안다"	도 레 미 친      죄인	
문 대통령 "한반도 정세 전환하려고 했던 김정은의 결단·노력 잘 안다"	진짜 부칸이 그렇게 나오니 윤미향이 뉴스가 쑥들어 갔네.,  진짜 부칸이 아끼나 보다.	
문 대통령 "한반도 정세 전환하려고 했던 김정은의 결단·노력 잘 안다"	뭘 알어? 삶은 소대가리가 ㅋㅋㅋㅋ	
문 대통령 "한반도 정세 전환하려고 했던 김정은의 결단·노력 잘 안다"	김여정에 비굴하게 항복하는 문통. 대깨문들은 어떻게생각하나?	
문 대통령 "한반도 정세 전환하려고 했던 김정은의 결단·노력 잘 안다"	딴나라 얘기하시네	
문 대통령 "한반도 정세 전환하려고 했던 김정은의 결단·노력 잘 안다"	지 혼자 아주 망상에 빠졌구만. 우리가 봐도 김정은은 그냥 우리 갖고 놀았는데 권력을 위해 고모부와 형까지 죽인 새키를 그렇게 쳐 믿어대냐ㅋㅋ 진짜 문재인은 임기만 끝나면 감방 갈 준비나 해라. 국민을 기만해도 정도 것 기만 해야지	
문 대통령 "한반도 정세 전환하려고 했던 김정은의 결단·노력 잘 안다"	文과  정은 8000만 겨레 앞에서 했던 한반도 평화의 약속 뒤로 돌릴 순 없다 ?   트럼프처럼  억수루  친하다는 표현 ?   넘  숙이는  자세는  남쪽 대통령으로  안맞는  것  같은데	
문 대통령 "한반도 정세 전환하려고 했던 김정은의 결단·노력 잘 안다"	뭉가 정말 대책 없네.개정은이 남침 멀지 않았네.	
문 대통령 "한반도 정세 전환하려고 했던 김정은의 결단·노력 잘 안다"	대한민국 안전은 안중에도 없는 대통령...어느나라 대통령인지 도대체 ㅠㅠ	
문 대통령 "한반도 정세 전환하려고 했던 김정은의 결단·노력 잘 안다"	혼자만의 일방적인 방법이었다니까...계속해서 축포를 날린것이 진정 축포로 알고있는것인가????	
문 대통령 "한반도 정세 전환하려고 했던 김정은의 결단·노력 잘 안다"	뭐라니 주변 안 둘러보냐 지 대가리에 든 생각만 전부네	
문 대통령 "한반도 정세 전환하려고 했던 김정은의 결단·노력 잘 안다"	문재인은 늙어서, 대가리 회전이 안된다 !  저런걸 두고 외골수란 말이 생겼다 ....	
문 대통령 "한반도 정세 전환하려고 했던 김정은의 결단·노력 잘 안다"	삶은 소대가리 소리듣고 쳐먹는다는 소리듣고...그래도  정은 바라기네..	
문 대통령 "한반도 정세 전환하려고 했던 김정은의 결단·노력 잘 안다"	왜 우리가 북한에 저자세로 나아가야 하는지 이해불가	
문 대통령 "한반도 정세 전환하려고 했던 김정은의 결단·노력 잘 안다"	니미조시세요	
문 대통령 "한반도 정세 전환하려고 했던 김정은의 결단·노력 잘 안다"	북풍의 재현이다!	
문 대통령 "한반도 정세 전환하려고 했던 김정은의 결단·노력 잘 안다"	개뿔~ 니혼자  내대면 무하나? 되는게 없는데	
문 대통령 "한반도 정세 전환하려고 했던 김정은의 결단·노력 잘 안다"	문빨갱이는 김정은 대변인이냐	
문 대통령 "한반도 정세 전환하려고 했던 김정은의 결단·노력 잘 안다"	간첩 놈이 정확하다. 더불면 자살 위장당도 마찬가지!	
문 대통령 "한반도 정세 전환하려고 했던 김정은의 결단·노력 잘 안다"	멀알아?우리나라한테 삥뜯고 징징대는 양ㅇㅏㅊㅣ들이지	
문 대통령 "한반도 정세 전환하려고 했던 김정은의 결단·노력 잘 안다"	군사합의는 김정은이랑 얘기한거니 김여정 너는 닥ㅊㅕㄹㅏ라는 뜻이 들어있는듯..	
문 대통령 "한반도 정세 전환하려고 했던 김정은의 결단·노력 잘 안다"	정은이가 달라고하는게 뭘까요? 이나라의 절반은 줘야좋아라 할랑가?  에라이 속빠진 놈아  어린것들 남매년 넘에게 휘둘려  창자빠진 소리 지껄이고있냐? 왜?통째로 넘겨 줄려고? 자존심도 없는  셰키	
문 대통령 "한반도 정세 전환하려고 했던 김정은의 결단·노력 잘 안다"	짝사랑이 이뤄질 가능성은 극히 드물죠.....지금 우리가 꼭 스토커 같다는 불편한 생각과  동시에 듦.....정치적 신념과 가고자 하는 내용은 알겠지만 저희 국민의 대표 아니신지요?  지금 국민의 얼마 정도가 대북 정책 동의한다 생각하시는지? 이런 기사 올라올 때마다 이젠 그냥 힘이 빠진다	
문 대통령 "한반도 정세 전환하려고 했던 김정은의 결단·노력 잘 안다"	혼자 떼쓰는 어린이랑 뭐가 다름???   본인은 다 뒤집어 엎으면서  우끼끼다...	
문 대통령 "한반도 정세 전환하려고 했던 김정은의 결단·노력 잘 안다"	지금 당장 뒤로 돌릴 수 없는 가장 큰 이유는 애초부터 믿기지도 않았던 그들의 약속 때문이 아니라 부정선거 때문일겁니다. 부정선거의혹을 덮고 무자비하게 나가기 위해선 통일이라는 큰 명제 말고는 아무 것도 없겠죠. 자기들이 살기 위해선 어떤 파렴치한 짓도 마다않기에 국민들이 눈을 부릅뜨고 감시하고 추적해야 합니다.	
문 대통령 "한반도 정세 전환하려고 했던 김정은의 결단·노력 잘 안다"	삼디(3D)가 뭘~안다고 기대하남!	
문 대통령 "한반도 정세 전환하려고 했던 김정은의 결단·노력 잘 안다"	언제까지 꼬붕노릇하냐 그럴려고 우리  할아버지분들이 이나라위해 싸우셨냐.;;	
문 대통령 "한반도 정세 전환하려고 했던 김정은의 결단·노력 잘 안다"	아 징하다. 언제까지 조아릴라  그러나...	
문 대통령 "한반도 정세 전환하려고 했던 김정은의 결단·노력 잘 안다"	아직도 헛소리.....	
문 대통령 "한반도 정세 전환하려고 했던 김정은의 결단·노력 잘 안다"	글치 발사체라 말하는 미사일 쏴대고 ㅎㅎ 폭죽인줄	
문 대통령 "한반도 정세 전환하려고 했던 김정은의 결단·노력 잘 안다"	어우 돼지냄새.	
문 대통령 "한반도 정세 전환하려고 했던 김정은의 결단·노력 잘 안다"	허구헌 날, 힘들믄 ..국민보고 머 해달라고 하는듯,잘 되는건..본인이 잘한거처럼 외국에다 광고 하고.전화 통화 사진 기사 올리고	
문 대통령 "한반도 정세 전환하려고 했던 김정은의 결단·노력 잘 안다"	완전 벌벌 기는구나 문ㄷㅅ	
문 대통령 "한반도 정세 전환하려고 했던 김정은의 결단·노력 잘 안다"	김정은 국방위원장께서 북한비핵화에 확고한 의지가 있음을 느낄수있었다고 트럼프와 국민에게 구라칠때 알아봤다 넌 중재자 촉진자가 아닌 정치사기꾼 순진함을 가장한 국제 양아치	
문 대통령 "한반도 정세 전환하려고 했던 김정은의 결단·노력 잘 안다"	문재인 탄핵. 뭐하는 짓이야?	
문 대통령 "한반도 정세 전환하려고 했던 김정은의 결단·노력 잘 안다"	주먹감자 맞을라	
문 대통령 "한반도 정세 전환하려고 했던 김정은의 결단·노력 잘 안다"	야발ㅋㅋㅋㅋㅋㅋㅋㅋㅋ진짜 얼마나 뇌가 썩어야 저런 말을 할 수가 있지???ㅋㅋㅋㅋㅋㅋㅋㅋㅋ	
문 대통령 "한반도 정세 전환하려고 했던 김정은의 결단·노력 잘 안다"	이게  뭐라는거야정은이가 노력을 해?	
문 대통령 "한반도 정세 전환하려고 했던 김정은의 결단·노력 잘 안다"	이제그냥재가 나참 ㅋㅋ 미우나 고우나 그냥 그거네 ㅋㅋ   겁먹어서그런가 근데왜 방안은 왜? 대답점	
문 대통령 "한반도 정세 전환하려고 했던 김정은의 결단·노력 잘 안다"	그만 북한 찾는게 좋아보이는데	
문 대통령 "한반도 정세 전환하려고 했던 김정은의 결단·노력 잘 안다"	평양냉면 한그릇 처먹고 도대체 국민 혈세를 얼마나 주는거야..어이가 읍다	
문 대통령 "한반도 정세 전환하려고 했던 김정은의 결단·노력 잘 안다"	역시 너그러이 이해해줄거 예상한대로다..ㅋㅋㅋ 미사일 한두발 정도 날아와서 꽂혀도 실수로 버튼 눌렀을거라 이해해줄거 같어 :)	
문 대통령 "한반도 정세 전환하려고 했던 김정은의 결단·노력 잘 안다"	진짜 웃기고있다...정신차리는건 기대하지 않는다.유리 국민에게 필요한거? 이나라는 힘만 쥐어주면 지맘댜로 하는 족속들.명목은 다양하나, 독재/독선은 똑같다.어찌보면 '자기들이 '옳다고 생각하기때문에'강요하는 독재가 더 위함하다.선거는 좋은당에 몰빨이 아니라 갈갈이 찢어 사로 견제할수 있도록하는게 우리민족에겐 어율린다.다음 대통령선거는 아주 잘할거다.	
문 대통령 "한반도 정세 전환하려고 했던 김정은의 결단·노력 잘 안다"	가짜 평화쇼쇼쇼 끝내고 진짜로 평화에 대해 대화하고 싶으면 전쟁 준비를 잘 해라.	
문 대통령 "한반도 정세 전환하려고 했던 김정은의 결단·노력 잘 안다"	ㅋㅋㅋ그래 정은이가 원하는거해줘라 금강산 지들입맛대로 다시 관광단지조성한다니깐 가서 철거해주고와~~~ ㅋㅋ우린 대인배잖아 손해봐도 걍 우리가가서 공사해준거에 의의를 두는거잖아	
문 대통령 "한반도 정세 전환하려고 했던 김정은의 결단·노력 잘 안다"	진짜 암생길거 같다.. 이쯤되면 엄마보다 더 이해심이 많다고 봐도 반박못할듯...	
문 대통령 "한반도 정세 전환하려고 했던 김정은의 결단·노력 잘 안다"	문대통령 질리는 스타일이네	
문 대통령 "한반도 정세 전환하려고 했던 김정은의 결단·노력 잘 안다"	미국이 스파이 써서 문재앙 좀 죽여줬으면 좋겠다	
문 대통령 "한반도 정세 전환하려고 했던 김정은의 결단·노력 잘 안다"	영원한 북한바라기	
문 대통령 "한반도 정세 전환하려고 했던 김정은의 결단·노력 잘 안다"	현실도피인가..ㅋㅋ혼자 다른세계에 사는듯.....	
문 대통령 "한반도 정세 전환하려고 했던 김정은의 결단·노력 잘 안다"	주장을 할려면 근거를 1가지라도 말해야지 문통아	
문 대통령 "한반도 정세 전환하려고 했던 김정은의 결단·노력 잘 안다"	문재앙..	
문 대통령 "한반도 정세 전환하려고 했던 김정은의 결단·노력 잘 안다"	어휴....	
문 대통령 "한반도 정세 전환하려고 했던 김정은의 결단·노력 잘 안다"	일본이 저렇게 나옴 어땠겠어요 여러분 정신차려보시고 객관적으로판단좀 하세요	
문 대통령 "한반도 정세 전환하려고 했던 김정은의 결단·노력 잘 안다"	트럼프가 나가리 될지 모르니까. 시간 끌기 하는 것임. 북한은... 우리가 주 목적이 아니고. 애혀 안타깝다	
문 대통령 "한반도 정세 전환하려고 했던 김정은의 결단·노력 잘 안다"	코로나사태 잘 정리된거는 머가 되었던간에 대단히 잘한거지... 그런데 그거 말고는 없잖아ㅡㅡ 대북문제고 경제고 ㅠ 그냥 이상한일 안벌였으면 좋겠다	
문 대통령 "한반도 정세 전환하려고 했던 김정은의 결단·노력 잘 안다"	서로 상대방  국민에게 가짜 평화쇼 사기 친게 노력인가?	
문 대통령 "한반도 정세 전환하려고 했던 김정은의 결단·노력 잘 안다"	제사상에 있어야할 돼지머리가 왜 저기가있어	
문 대통령 "한반도 정세 전환하려고 했던 김정은의 결단·노력 잘 안다"	그놈의 약속은 왜 부칸에만 열심히 지키려하는지 모르겠네 ~~ ㅋ	
문 대통령 "한반도 정세 전환하려고 했던 김정은의 결단·노력 잘 안다"	정은이의 결단 노력??????? 언제까지  그 기만전술에 속을꺼냐 ???	
문 대통령 "한반도 정세 전환하려고 했던 김정은의 결단·노력 잘 안다"	ㅋ이러다. 청와대나광화문광장에. 사진이나 동상 놓을기세네.	
문 대통령 "한반도 정세 전환하려고 했던 김정은의 결단·노력 잘 안다"	답답한 양반일세 ! 사람 말 잘 안 듣는다고 하던데 맞는 것 같습니다. 고집 부리지 말고 되도 않는 말 고만 하길....	
문 대통령 "한반도 정세 전환하려고 했던 김정은의 결단·노력 잘 안다"	이게 뭔개서리야	
문 대통령 "한반도 정세 전환하려고 했던 김정은의 결단·노력 잘 안다"	다시 생각하세요~ 대한민국을위한 길이 어떤것인지자주국방과 국민들의 단합이 있다면 공산주의는 반드시 무너집니다	
문 대통령 "한반도 정세 전환하려고 했던 김정은의 결단·노력 잘 안다"	정으니 살아는 있냐?	
문 대통령 "한반도 정세 전환하려고 했던 김정은의 결단·노력 잘 안다"	뭔개소리야	
문 대통령 "한반도 정세 전환하려고 했던 김정은의 결단·노력 잘 안다"	한쪽손으로 박수치는 셈인것을 국민들 그 누가 모르는 사람 있을까..	
문 대통령 "한반도 정세 전환하려고 했던 김정은의 결단·노력 잘 안다"	뭐라는거야	
문 대통령 "한반도 정세 전환하려고 했던 김정은의 결단·노력 잘 안다"	아예 북한에 가서 김정은한테 부하로 받아달라고 해라.그랬다가 전거리교화소에나 안 가면 다행임.	
문 대통령 "한반도 정세 전환하려고 했던 김정은의 결단·노력 잘 안다"	정말 귀신 씨나락 까먹는 소리 엄청하네.  뇌가 없는게 확실시된다.	
문 대통령 "한반도 정세 전환하려고 했던 김정은의 결단·노력 잘 안다"	탈북민들은 제발 북으로  삐라 뿌리지 말아라! 제발!!!!	
문 대통령 "한반도 정세 전환하려고 했던 김정은의 결단·노력 잘 안다"	같은 공산주의자라고 밖에는 할말이 없다	
문 대통령 "한반도 정세 전환하려고 했던 김정은의 결단·노력 잘 안다"	정신이어디간거나요.?   소설을 쓰는거나요.?도통 이해할수가없네요.	
문 대통령 "한반도 정세 전환하려고 했던 김정은의 결단·노력 잘 안다"	순진무구하난 인정해드립니다 각하	
문 대통령 "한반도 정세 전환하려고 했던 김정은의 결단·노력 잘 안다"	뒤졌는지 살았는지 모를 김정은 바짓가랑이 붙잡기는 ㅋ 김여정한테 넌 꺼지고 오빠데리고 나오라고 한마디도 못하는 주제에	
문 대통령 "한반도 정세 전환하려고 했던 김정은의 결단·노력 잘 안다"	노예냐? 구걸 오지네	
문 대통령 "한반도 정세 전환하려고 했던 김정은의 결단·노력 잘 안다"	사이비빨걩이 문가놈이 한반도 평화 다 말아먹었구나.	
문 대통령 "한반도 정세 전환하려고 했던 김정은의 결단·노력 잘 안다"	머래ㅡㅡㅡㅡ	
문 대통령 "한반도 정세 전환하려고 했던 김정은의 결단·노력 잘 안다"	약속을 깰수 있는 종족이 북조선것들이야!! 한두번이냐!! 계속 눈탱이 얻어맞아봐야 정신 차릴거냐!!	
문 대통령 "한반도 정세 전환하려고 했던 김정은의 결단·노력 잘 안다"	대깨문	
문 대통령 "한반도 정세 전환하려고 했던 김정은의 결단·노력 잘 안다"	ㅋㅋㅋㅋㅋㅋㅋ그냥 충신들 대깨분들 데리고 북한가서 사세요 ㅋㅋㅋ여기가 무슨 북한인줄 아나 망상있음?	
문 대통령 "한반도 정세 전환하려고 했던 김정은의 결단·노력 잘 안다"	빨갱이가 나라에 너무 많다. 저런 빨갱이를 70퍼이상이 지지한다고? 후손들에게 빨간맛 보여주려고 그런건가요?	
문 대통령 "한반도 정세 전환하려고 했던 김정은의 결단·노력 잘 안다"	북한이 뭐라고 주둥이를 털던 그냥 무시하고 우린 우리대로 대비하고 있으면 되는거다. 만약 떼쓰다가 먼저 건드린다? 그럼 그냥 한번 조지고 시작하면됨...매번 봐줄필요 없다. 인종 언어 국적이 다른 사람이랑은 친하게 지낼 수 있지만 사상이 다른 사람이랑은 친하게 지낼 수 없다. 어차피 뒤돌면 뒤통수에 칼 박을 넘들이라는거 매번 겪어봤는데 왜 저자세로 나가서 기세등등하게 만들어 주냐...한민족같은 개소리 집어 치우고 그냥 적임...미국이 옛날에는 영국인들이었다고 해도 지금은 다른것처럼 우리도 그냥 다른 나라 국민이고 적임	
문 대통령 "한반도 정세 전환하려고 했던 김정은의 결단·노력 잘 안다"	누구는 컵라면 먹고 욕  쳐 먹었는데. 애는 냉면 먹었더니 북쪽최고 존엄에게 삶은소대가리  , 겁먹은 개,  라는 서 칭호를 받았네.	
문 대통령 "한반도 정세 전환하려고 했던 김정은의 결단·노력 잘 안다"	북한놈들 구밀복검으로 지들 이득 챙기려고 대화제스쳐 보여주다가 무르익으면 다시 돌변해서 삥뜯는거 도대체 지금 몇번째냐 10번은 넘는거같은데 ㅋㅋㅋㅋ 이쯤되면 속아주는놈도 공범 아님???	
문 대통령 "한반도 정세 전환하려고 했던 김정은의 결단·노력 잘 안다"	김정은이의 노력을 한가지라도 제대로 했는지 들어보자. 거짓말과 속임수로 무장한 김정은이에게 당하지만 말고.	
문 대통령 "한반도 정세 전환하려고 했던 김정은의 결단·노력 잘 안다"	제발 좀 닥쳐!!!!	
문 대통령 "한반도 정세 전환하려고 했던 김정은의 결단·노력 잘 안다"	좌파는 멍청해도 이리 멍청할까	
문 대통령 "한반도 정세 전환하려고 했던 김정은의 결단·노력 잘 안다"	내가 한국인만 아니었어도 이 코미디를 보고 마음껏 웃을 수 있었을텐데	
문 대통령 "한반도 정세 전환하려고 했던 김정은의 결단·노력 잘 안다"	국민의마음은 아냐?	
문 대통령 "한반도 정세 전환하려고 했던 김정은의 결단·노력 잘 안다"	호구 잡혀서 뭐하노 강경하게 나가라	
문 대통령 "한반도 정세 전환하려고 했던 김정은의 결단·노력 잘 안다"	중지척~~~~~	
문 대통령 "한반도 정세 전환하려고 했던 김정은의 결단·노력 잘 안다"	미친갱이가 따로 없네.	
문 대통령 "한반도 정세 전환하려고 했던 김정은의 결단·노력 잘 안다"	아직도 이 내뇌망상중이라고??	
문 대통령 "한반도 정세 전환하려고 했던 김정은의 결단·노력 잘 안다"	꿈 깨라 이누마	
문 대통령 "한반도 정세 전환하려고 했던 김정은의 결단·노력 잘 안다"	ㅡ문통...부칸문제 올빵보다 ㅡ남한 내나라 내국민 주거문제 집값 대폭등이나 신경 쓰시게나 ㅉㅉ	
문 대통령 "한반도 정세 전환하려고 했던 김정은의 결단·노력 잘 안다"	욕을 쳐먹고  왜 욕울 쳐먹었는지 모르는 어벙...	
문 대통령 "한반도 정세 전환하려고 했던 김정은의 결단·노력 잘 안다"	문재인 통은 김여정 급인가?김여정 날치면 윤혜영정도가 나서야지 왜 대통이 나서나.하여간 급을 낮추는데는 선수네	
문 대통령 "한반도 정세 전환하려고 했던 김정은의 결단·노력 잘 안다"	이 돌아이야  살인마 폐륜아 정은이 사탕발림을. 그대로 믿다니~그래서 정신 넉빠진 개같은 짐승이라 하는겨~정은이 속샘을 초딩 유치원생들도 다안다ㆍ사탕발림이라고ᆢ	
문 대통령 "한반도 정세 전환하려고 했던 김정은의 결단·노력 잘 안다"	혼자 딴세상사노???	
문 대통령 "한반도 정세 전환하려고 했던 김정은의 결단·노력 잘 안다"	나만 몰랐네	
문 대통령 "한반도 정세 전환하려고 했던 김정은의 결단·노력 잘 안다"	참 애잖다.	
문 대통령 "한반도 정세 전환하려고 했던 김정은의 결단·노력 잘 안다"	김정은이는 어딨는건가?	
문 대통령 "한반도 정세 전환하려고 했던 김정은의 결단·노력 잘 안다"	결론은 정은이가 핵 포기 안하면 국제적으로나 당사자인 우리하고나 무슨일인듯 되겠냐구!	
문 대통령 "한반도 정세 전환하려고 했던 김정은의 결단·노력 잘 안다"	정은이가 뭘 결단하고 노력했다는건지...핵폐기한다면서 사기 친거지.....저새끼	
문 대통령 "한반도 정세 전환하려고 했던 김정은의 결단·노력 잘 안다"	주둥이 민주팔이가.......어이없다...	
문 대통령 "한반도 정세 전환하려고 했던 김정은의 결단·노력 잘 안다"	<FOLLOW THE PARTY> 부정선거	
문 대통령 "한반도 정세 전환하려고 했던 김정은의 결단·노력 잘 안다"	"한반도"의 정세를 전환하려고 한게 아니라, 경제제제로 끝장나게 생긴 "정으니체제"를 전환하려고 결단하고 노력한 것일 뿐인데? ㅋ 설마 정으니가 배달민족과 한반도를 걱정한다고까지 착각하는건 아니겠지? ㅋ 걔가 걱정하는건 오로지 하나다. 자신의 체제. 그런데 북한의 독재 체제가 끝장나야 북의 주민들이 해방된다는건 아이러니 아니겠나. 이제 갈림길은 두가지다. 어느 길을 갈까.	
문 대통령 "한반도 정세 전환하려고 했던 김정은의 결단·노력 잘 안다"	에그..🙈🤬	
문 대통령 "한반도 정세 전환하려고 했던 김정은의 결단·노력 잘 안다"	8천만 겨레 앞에서 전단살포 안하겠다고 한 약속은 왜 안지켰을까... 그런 간단한 것도 안지키면서 무슨 평화타령이었을까... 전단살포 금지할 법이 없다, 인권도 중요하다고 뭉갰던데 그렇다면 애초에 약속을 안했어야지.	
문 대통령 "한반도 정세 전환하려고 했던 김정은의 결단·노력 잘 안다"	강남 종북세력 당선^^  씌레기 당	
문 대통령 "한반도 정세 전환하려고 했던 김정은의 결단·노력 잘 안다"	한국대통령은  탈북자들에게 까지눈치보고 여론도 감안해서 결정하니 힘도 없어 보이고 북한에 책 잡힐 일이 되어버렸다.북한은 아랫사람들이 집적대고 있지만절대권력자 한 사람의 절대적인 의사결정, 일사분란형태다. 한국의 외교 대북 정책 수행자들의 반성이있어야 한다. 제대로된 전략으로 북을 순응케 하는씽크탱크가 없는가? 나라답게 정의롭게 지혜롭게 좀 해라. 서로 치고 받고 뒷다리 잡고 뒷북 치지 말고제발 국민들을 편안하게 해라.	
문 대통령 "한반도 정세 전환하려고 했던 김정은의 결단·노력 잘 안다"	자국민은 걱정 덜어낼 한마디 못할망정 그와중에 정으니 눈치살피기 ㅋㅋㅋㅋㅋㅋㅋㅋㅋㅋㅋㅋ	
문 대통령 "한반도 정세 전환하려고 했던 김정은의 결단·노력 잘 안다"	대똥령이란 자가  너무 부끄럽다	
문 대통령 "한반도 정세 전환하려고 했던 김정은의 결단·노력 잘 안다"	제발 정신 좀 차려라	
문 대통령 "한반도 정세 전환하려고 했던 김정은의 결단·노력 잘 안다"	부정선거는?	
문 대통령 "한반도 정세 전환하려고 했던 김정은의 결단·노력 잘 안다"	국제사회는 또 왜 끌어들이냐? 쇼하게?	
문 대통령 "한반도 정세 전환하려고 했던 김정은의 결단·노력 잘 안다"	???????????????????????????????????? 도대체 멀 했다는건지 설명좀 해주실분	
문 대통령 "한반도 정세 전환하려고 했던 김정은의 결단·노력 잘 안다"	미국.일본같은 주변국을 잘 사겨놨으면 북한이 저러지 못하지....왕따돼서 깔보고 저러는거지...	
문 대통령 "한반도 정세 전환하려고 했던 김정은의 결단·노력 잘 안다"	순진한 문순둥님, 정말 김정은이가 한반도 정세 완화와 비핵화, 평화를 위해서 그랬을 거라 생각하나? 세상물정을 모르는 건가, 아니면 알면서도 모르는체 하는 건가? 그것이 알고 싶다.	
문 대통령 "한반도 정세 전환하려고 했던 김정은의 결단·노력 잘 안다"	문재인은 촛불로 국민들을 속이고 대통령되더니 운전자 타령하면서 결국 김정은도 속였구나. 누굴위해? 시진핑따가리노릇하느라 오늘도 욕한바가지 쳐먹었지만 그저 시진핑 바라기는 행복할뿐입니다. ㅋㅋㅋㅋ	
문 대통령 "한반도 정세 전환하려고 했던 김정은의 결단·노력 잘 안다"	북한에서  대포를쏴도    자국민  죽어나도 이해한다고    가만히  잇을  대통령이네!!!	
문 대통령 "한반도 정세 전환하려고 했던 김정은의 결단·노력 잘 안다"	대통령이 챙피하다.	
문 대통령 "한반도 정세 전환하려고 했던 김정은의 결단·노력 잘 안다"	고마해라 지겹다 국방이나 튼튼하게해라	
문 대통령 "한반도 정세 전환하려고 했던 김정은의 결단·노력 잘 안다"	기자 비꼬면서 김정은 사진 올린거 보소~ ㅋㅋㅋㅋㅋ	
문 대통령 "한반도 정세 전환하려고 했던 김정은의 결단·노력 잘 안다"	21대 국회 야당은 부정선거로 탄생한 야당... 국민불복종이다.	
문 대통령 "한반도 정세 전환하려고 했던 김정은의 결단·노력 잘 안다"	너만 알고 있는거 같은데?	
문 대통령 "한반도 정세 전환하려고 했던 김정은의 결단·노력 잘 안다"	정은이  비서  문꼬봉	
문 대통령 "한반도 정세 전환하려고 했던 김정은의 결단·노력 잘 안다"	이미 한반도 운전자는 바뀌었다. 현 정부는 북을 핵보유국으로 인정하며 그 앞에서 한없이 조아리는 모습을 보는 국민들을 헤아려 본 적은 있는가? 작년 대x문만 바라보며 조씨정국으로 있는 힘 없는 힘 씰데없이 다 빼놓고 지금에서 그들은 미국 탓을 한다. 제 정신이 아니고서 이럴 순 없다!	
문 대통령 "한반도 정세 전환하려고 했던 김정은의 결단·노력 잘 안다"	돈 쳐발라서 위장 평화 쑈 해서 노벨사기상 받은거를 20년 지났다고 정신을 운운하네그리당하고도 정말 한심한 개북정책	
문 대통령 "한반도 정세 전환하려고 했던 김정은의 결단·노력 잘 안다"	옥류관에서 냉면좀 점잖게 드시고 오시지 왜 처먹고 오셔서...	
문 대통령 "한반도 정세 전환하려고 했던 김정은의 결단·노력 잘 안다"	저 돼지쉑의 존재때문에 한반도 남북이 이지경이 된거다	
문 대통령 "한반도 정세 전환하려고 했던 김정은의 결단·노력 잘 안다"	뭘 노력했는데? 미사일!	
문 대통령 "한반도 정세 전환하려고 했던 김정은의 결단·노력 잘 안다"	정은이는 대체 어디에 있는ㄱㆍ	
문 대통령 "한반도 정세 전환하려고 했던 김정은의 결단·노력 잘 안다"	참 나 ....	
문 대통령 "한반도 정세 전환하려고 했던 김정은의 결단·노력 잘 안다"	암튼 헬반에도에서는 남.북을 막론하고 그것이 선이든 악이든 무조건 노오력이 필요하다 이기야? ㅋㅋㅋ	
문 대통령 "한반도 정세 전환하려고 했던 김정은의 결단·노력 잘 안다"	김정은, 김여정이 그렇게 무섭나요? 그렇게 사탕 발림 칭친 해 주게요.	
문 대통령 "한반도 정세 전환하려고 했던 김정은의 결단·노력 잘 안다"	아주 달래네.. ㅋㅋ 웃겨요  나라를 운영하는 대통이  댓쪽도 없고 구렁이 처럼  어이없다	
문 대통령 "한반도 정세 전환하려고 했던 김정은의 결단·노력 잘 안다"	비핵화가 노력이지 ..노력의 뜻을 아는가	
문 대통령 "한반도 정세 전환하려고 했던 김정은의 결단·노력 잘 안다"	북한의 핵무기 폐기가 우선이다. 그전까진 평화협정이고 뭐고 그런건 성립하는것 자체가 말도 안된다. 심심하면 방향을 틀어버리는 북괴의 거짓 선동에 그만좀 속아라.	
문 대통령 "한반도 정세 전환하려고 했던 김정은의 결단·노력 잘 안다"	노력? 평양 냉면 갖다 준거 그거 말인가? 하긴 요사스런 말만 하는 사람한테 멀리서 준비해 갖다주느라 참기 힘들긴 했을 것 같다. 본인도 느끼나보네.	
문 대통령 "한반도 정세 전환하려고 했던 김정은의 결단·노력 잘 안다"	결론은 다 쇼에 속앗다가 뒤늦게 분통터진거지~~~~	
문 대통령 "한반도 정세 전환하려고 했던 김정은의 결단·노력 잘 안다"	야누스의 가면을 뒤집어 쓴 인간!	
문 대통령 "한반도 정세 전환하려고 했던 김정은의 결단·노력 잘 안다"	북한에 조곡받치면 됩니다 쌀 100만톤 비료 60만톤 그러면 아이고 이뻐 알았어 그냥 잘지내자 그럴껄	
문 대통령 "한반도 정세 전환하려고 했던 김정은의 결단·노력 잘 안다"	쇼맨십말고 한게 뭐가 있냐. 북한이 비핵화를 할수 있도록구체적으로 우리가 도울일을 설명하게 설득을 했어야지 정말 답답한 무능한 정권. 예를들면, 우리나라 대기업 해외공장을 북한으로 이동만해도 북한을 먹고사는 걱정없이 살수가 있게 만들고 비핵화를 할수 있지 않을까 정말 안타까습니다.	
문 대통령 "한반도 정세 전환하려고 했던 김정은의 결단·노력 잘 안다"	북미대화로 풀려다 안되니 우리나라에 땡깡부리는구나... 우리나라도 미국의 입김에 자유롭지 못해서 선택할수 있는게 얼마 안되지.. 그래도 자주국방하고 통일로 가는 좋은 방향으로 진행되기를 바랍니다.	
문 대통령 "한반도 정세 전환하려고 했던 김정은의 결단·노력 잘 안다"	그저 주인님 에휴 니 친구도 이나라에 몸 바쳤다 근데 태어나지도 않은 고향 땅 임금님에 꼬리나 흔드냐 똥 개 만도 못한 인간	
문 대통령 "한반도 정세 전환하려고 했던 김정은의 결단·노력 잘 안다"	트럼프 만찬상에 독도새우 올리며 일본을 굴복시킨 것처럼 허세부리고 옥류관 냉면 먹으며 한반도에 평화가 온 것처럼 자랑하더니 결국 쇼일 뿐 실질적인 성과는 없었다.	
문 대통령 "한반도 정세 전환하려고 했던 김정은의 결단·노력 잘 안다"	뭘 잘 아나? 진심 아는것인가? 김정은이 지 나라를 위해 경제발전 부흥시키고자 했음 핵 포기하고 빗장을 열었어야 했는데 핵은 포기하기 싫고 돈은 벌고 싶고 그게 팩트아닌가? 거기에 부화뇌동해서  핵포기에앞서 김정은에게 다해줄것처럼 했으니 ㅉㅉ  저런 생양아치들을 아직도 한민족이라 생각하는것자체가 우습다. 10년이면 강산도 변한다는데 70년동안 저 인민들이 찍소리.반항 한번 못하고 사는거 봐라.	
문 대통령 "한반도 정세 전환하려고 했던 김정은의 결단·노력 잘 안다"	칠푼이보다 못한 팔푼이 같은 소리만 주구 장창 하는데도 무작정 빨아주는 자들이 있으니 한심 하기 그지 없어.	
문 대통령 "한반도 정세 전환하려고 했던 김정은의 결단·노력 잘 안다"	허망된 꿈을 버려야 한다. 어차피 사상이 틀리기 때문에 합쳐질 수가 없는 구조다. 지진으로 폭삭 주저앉게 하지 않는한......	
문 대통령 "한반도 정세 전환하려고 했던 김정은의 결단·노력 잘 안다"	그동안 엎드려 기면서 굴종적으로 해온 대북평화쇼가 늘그랬듯이 무너져 내리는 꼴, 자존심조차 없는 한심한 니들은 왜 그자리에 있는거냐? 자국민이나 야당들에는 서슬퍼런니들 아니냐? 꿀을 쳐드셨냐?저늠들의 갖은 욘설과 조롱, 묘욕에도 입장발표조차 못하는것들이니~	
문 대통령 "한반도 정세 전환하려고 했던 김정은의 결단·노력 잘 안다"	냉면 처먹는 북조선 똥개를 도살시켜버려!	
문 대통령 "한반도 정세 전환하려고 했던 김정은의 결단·노력 잘 안다"	우리도 핵무장할때다. 한반도 비핵화 물건너같다. 우리힘으로 어렵다면 미군의 전략핵무기 재배치라도 해야한다 . 김남매 머리위에 핵벙커버스터를 겨누고 잇어도 저놈들이 저런짖할까	
문 대통령 "한반도 정세 전환하려고 했던 김정은의 결단·노력 잘 안다"	문죄앙 🐶소리하지 말고 국민들에게 총이나 지급해라 6 .25 진 빛 이참에 갚아야지	
문 대통령 "한반도 정세 전환하려고 했던 김정은의 결단·노력 잘 안다"	군이 결단을 내려야 할때가  다가오는듯 하네요	
문 대통령 "한반도 정세 전환하려고 했던 김정은의 결단·노력 잘 안다"	좀읽지말고말좀해라	
문 대통령 "한반도 정세 전환하려고 했던 김정은의 결단·노력 잘 안다"	저 사진 김은 가짜얼굴같네	
문 대통령 "한반도 정세 전환하려고 했던 김정은의 결단·노력 잘 안다"	쯔쯔쯔~	
문 대통령 "한반도 정세 전환하려고 했던 김정은의 결단·노력 잘 안다"	축  흑우 됬내 흑우.	
문 대통령 "한반도 정세 전환하려고 했던 김정은의 결단·노력 잘 안다"	문대통령님 애씁니다  할만큼해도 안되면  우리도 어쩔수없이  적대행위하는거죠   그간레 우리가   준게얼마나되는데    정은이는  그라면안되지   협력해라 이노마	
문 대통령 "한반도 정세 전환하려고 했던 김정은의 결단·노력 잘 안다"	문대통령님, 응원합니다	
문 대통령 "한반도 정세 전환하려고 했던 김정은의 결단·노력 잘 안다"	갑자기 이런생각도든다 이재명이였다면. .	
문 대통령 "한반도 정세 전환하려고 했던 김정은의 결단·노력 잘 안다"	임기끝나면 바로 국정원 지하 조사실로 가는겨~ㅋㅋㅋㅋㅋㅋㅋㅋ	
문 대통령 "한반도 정세 전환하려고 했던 김정은의 결단·노력 잘 안다"	평양옥류관 주방장  말이  옳습니다.."문죄인은  말만  번지르하다"..문죄인의  말은  항상  반대로  이해하면  맞습니다..평화다  하면  전쟁위기가 오고,경제다  하면  경제는 폭망하고,일자리 강조하면 일자리 괴멸되고,집값잡겠다  하면  집값  폭등하고,공정과 평등  강조하면  불공정과 불평등이 판을  치고,,빈부격차 해소  하겠하면  빈부격차  심해지고,,'''''''''''''나라는  빚더미,안보는 파탄,경제는 폭망,집값은 폭등,입법,사법,행정,지방권력장악,헌법기관,공수처,완전장악 독재  완성"""""문죄인의 3년 업적	
문 대통령 "한반도 정세 전환하려고 했던 김정은의 결단·노력 잘 안다"	문재인 베트남이 공산주의 적화되니 기쁘다니 역시나 어디 안 가네요. 북한 지도부 존엄하신 수령 동지에게 지령 받은것 일처리 못해서 꾸중 받았네요. 살랑살랑 수령님 아양 떠는 받들어 모시지 못해서 불안합니까	
문 대통령 "한반도 정세 전환하려고 했던 김정은의 결단·노력 잘 안다"	하노아 협상만 잘 되었더라도 지금쯤 북한육로로 백두산 관광 했을찌도,,,,	
문 대통령 "한반도 정세 전환하려고 했던 김정은의 결단·노력 잘 안다"	문재인대통령님 2년동안 뭘하셨습니까?? 양키눈치밖에는 본것이외에 뭐가있썼쓸까요??양키의 속박으로부터 어려움이있더라도 일보전진하여야할것아닙니까?? 이북에는 왕정과 다름이없습니다.또한 나이도 어립니다.과연 국가를 운영하는데 나이가 문제가 안될까요?? 남북관계를 이남이 주도할수있도록 양키를 구슬려야합니다. 다소늦은감이있써도 말이아닌 행동으로 과감히 밀고나갑시다.	
문 대통령 "한반도 정세 전환하려고 했던 김정은의 결단·노력 잘 안다"	역시 현명하십니다. 상대가 짖는다고 같이 짖는건 하수죠 ..	
문 대통령 "한반도 정세 전환하려고 했던 김정은의 결단·노력 잘 안다"	문대통령님 고생하십니다! 평화가 경제다!	
문 대통령 "한반도 정세 전환하려고 했던 김정은의 결단·노력 잘 안다"	네일베충 이것들도 내심 문재인 대통령  믿고 악플만 처달고 있으면서 애국자인척 나대지 마라.	
문 대통령 "한반도 정세 전환하려고 했던 김정은의 결단·노력 잘 안다"	소름돋는게 이런상황을 꼬시다는듯이 욕하는인간들이 댓글의 대부분이다.. 마치 전쟁나길기다리고 있었다는듯 정부욕만 하고있고, 이사단의 발단이된 전단지 살포에대해선 정당하다고 주장하면서 우린 우리하고싶은대로 할테니 북한니들은 그냥 받아들이라고 요구한다... 이게 우리가 말하던 민주주의인가??  평화분위기 유지 못하면 외국인 돈부터 빠져나가는데, 그럼 자원도없는 우리나라는 더더욱 고립되고 힘들어지는건 결국에 누구??? 아무생각없이 북한 공산당이 싫다고 그저 욕만해대는 인간들은 진짜 단순한듯...	
문 대통령 "한반도 정세 전환하려고 했던 김정은의 결단·노력 잘 안다"	그래도 김정은의 실제 워딩이 나오지 않았으니 아직 파국은 아닌 듯 하다. 북한은 지금 내부적으로 혼란이 큰 상태인 것 같다. 중국도 코로나 수습하느라, 다른 나라들도 다 코로나 때문에 정신 없고 자기들을 챙겨주거나 도와주거나 할 이웃이 없으니 지금 어린아이와 같이 투정을 부리는 중이다. 어른된 입장, 성인의 입장인 대한민국이 어린이와 같은 행태를 보이지만 사실은 도움과 관심이 필요하다는 메시지에 집중해야 한다. 혼란 중에 오히려 기회가 있을 테니 미중러일 제끼고 북한하고 대화하면서 남북관계를 주도적으로 풀어갈 기회로 삼아야 한다.	
문 대통령 "한반도 정세 전환하려고 했던 김정은의 결단·노력 잘 안다"	와 개소름돋음. 내 촉이 맞다면 이건 김여정이 군부와 손잡고 쿠데타 일으킨거다. 김정은은 한반도 통일 및 경제발전을 꿈꿨는데 이에 대해서 통일을 반대하는 군부의 강경파들과 김여정이 불만을 품은거임. 이에 쿠데타를 계획했는데 시끌벅적하게 진행되면 정권의 부담이 되기때문에 조용하고 은밀하게 진행된거임. 김정은 스텐트 시술해야한다고 유도한뒤 의료사고로 위장하여 반불구 만들고, 김여정과 강경파 군부세력이 대남노선을 강경노선으로 바꾼거임. 내 망상이 맞다면 김정은은 지금 쿠데타에 의해 제압된 상태인거고, 꼭두각시 노릇을 하고있을 가능성이높음	
문 대통령 "한반도 정세 전환하려고 했던 김정은의 결단·노력 잘 안다"	주의원,  주변4강과 손잡고 북한 등지면 그 강대국들이 우리와 북한을 도와줄것 같소?  100여년전으로 되돌아가는 꼴이요.	
문 대통령 "한반도 정세 전환하려고 했던 김정은의 결단·노력 잘 안다"	단순 무지한 토착왜구들 ..국제 정세가 그리 단조롭더냐..훌륭한 대통령 응원합니다	
문 대통령 "한반도 정세 전환하려고 했던 김정은의 결단·노력 잘 안다"	아직도 정부를 공격하는 댓글 부대벌레들... 니들은 어너 나라 국민이여.... 왜 이놈의 인간들은 하나된 모습을 보일 줄 모를까... 잘 되면 일베들 같이 배아파 헛 소리,,, 좀 안된다 십으면  때를 노칠세라 쪼아되는 ........	
문 대통령 "한반도 정세 전환하려고 했던 김정은의 결단·노력 잘 안다"	진짜 빨갱이는 북한에 돈 퍼주고 총질해달라고 부탁하고 가짜 간첩 만들고  한반도의 불안을 정치에 이용했던 사람들이지?  평화를 위해 애쓰는 사람들이 왜 빨갱이야?	
문 대통령 "한반도 정세 전환하려고 했던 김정은의 결단·노력 잘 안다"	결과적으로 핵무기 고도화 시간 벌어주고, 군인들의 정신적 무장해제 시키고, 마음만 먹으면 우리의 생각대로 정부를 움직이게 할 수 있다는 믿음을 북한에 준 꼴.	
문 대통령 "한반도 정세 전환하려고 했던 김정은의 결단·노력 잘 안다"	김위원장이 정은인줄~ 기자가 모지린가?	
문 대통령 "한반도 정세 전환하려고 했던 김정은의 결단·노력 잘 안다"	북한도 오죽 답답하겠나? 말이 통해야지	
문 대통령 "한반도 정세 전환하려고 했던 김정은의 결단·노력 잘 안다"	참 이나라 대통령 맞나약해빠진 대통령너는 이나라 국민을 지킬 의지도 강인함도없는 리더다!	
문 대통령 "한반도 정세 전환하려고 했던 김정은의 결단·노력 잘 안다"	겨레, 동포, 민족 다 우리의 국민이 되었으면,,,,	
문 대통령 "한반도 정세 전환하려고 했던 김정은의 결단·노력 잘 안다"	냉면 잘얻어 쳐먹을때는 다해줄듯 해놓고 안해주니 열받을 만 하것다 도야지 새끼	
문 대통령 "한반도 정세 전환하려고 했던 김정은의 결단·노력 잘 안다"	댓글 봐라 아주... 아직도 쌍팔년도 정치하고있다 이러니 나라가 발전이없지, 매번 태극기부대며 보수진형 뽑는다면서 신념도 없으면서 투표하고 정부 욕하는 당신들이 민주주의를 썩어빠지게 만드는 진정한 빨갱이가 아닐까? 그럼, 내하나 물어보자, 민주주의는 공산주의 이념에서 파생된건데 우리도 빨갱이란 말인가?	
문 대통령 "한반도 정세 전환하려고 했던 김정은의 결단·노력 잘 안다"	아침부터 대통령님 활짝웃는거보니 기분이 좋습니다.	
문 대통령 "한반도 정세 전환하려고 했던 김정은의 결단·노력 잘 안다"	와.... 탱크몰고 내려와도 통일의지를확인했다고 할새끼네	
문 대통령 "한반도 정세 전환하려고 했던 김정은의 결단·노력 잘 안다"	지 자식조차 일본 극우대에 보낸 토착왜구 문네바야시 재앙콘	
문 대통령 "한반도 정세 전환하려고 했던 김정은의 결단·노력 잘 안다"	북한이 뭘 노력했는지는 잘 모르겠지만, 아무튼 북한 정권의 망나니 조폭 막가파식 발언이 그에 대비되는 대한민국 대통령의 정상적 발언을, 지극히 품격 높은 발언으로 만들어주고 있는 건 사실임.	
문 대통령 "한반도 정세 전환하려고 했던 김정은의 결단·노력 잘 안다"	우리는 원칙대로 가야한다 이명박근혜처럼 앞에선 빨갱이 공산주의 웅앵웅 거려놓고 뒤로는 대북지원금 역대정권 최대로 퍼주고도 민간인 관광객 죽어도 찍소리도 못하고 하루아침에 개성공단 잃은 꼴 다시 나선 안된다	
문 대통령 "한반도 정세 전환하려고 했던 김정은의 결단·노력 잘 안다"	한반도 3대 군주=세종대왕 김대중 문재인...	
문 대통령 "한반도 정세 전환하려고 했던 김정은의 결단·노력 잘 안다"	일베와 빨갱이 간첩들 놀이터로 전락한 네이버...수준봐라...	
문 대통령 "한반도 정세 전환하려고 했던 김정은의 결단·노력 잘 안다"	정말 평화 통일을 원한다면 미국한테 주한미군 철수, 북한한테는 편지 전화 여행 방문의 자유와 안전보장을 요구하라!!!	
문 대통령 "한반도 정세 전환하려고 했던 김정은의 결단·노력 잘 안다"	그럼 같이 강대강으로 전쟁하자는건지..나름 평화를 위해 노력하는 대통령을 격려합시다.오직 상대를 비판하는 못된습성 버리고 다소못하더라도 응원하고 격려해주는 선진국민이 됩시다.총선 결과를 보면 대한민국은 희망이 있습니다	
문 대통령 "한반도 정세 전환하려고 했던 김정은의 결단·노력 잘 안다"	이 정도면 순진하다고 볼 수 있을 듯... 국가간 외교에서 영원한 적도 영원한 우방도 없다는 것은 역사의 진리... 마주 했던 몇 번의 모습으로 감성적인 판단을 한다면 숨겨진 블러핑은 어찌 감당할 것인가..? 일국의 대통령이 문학적 감수성으로 충만한 것을 보니 그 추종자들이 다루기 쉬운 리더를 세우고 뒷편에서 자신들의 욕심을 채우며 대통령에게는 이 정도쯤은 괜찮다고 속이고 있는 듯... 불쌍하구나... 너무도 착하고 순진한 대통령님...	
문 대통령 "한반도 정세 전환하려고 했던 김정은의 결단·노력 잘 안다"	김여정을 앞세워 비난하고 김정은이는 아무소리 안하는 이유는 타협의 여지를 남겨둔모습 북 강대강으로 가면 북한은 파멸로 갈수있다 그나마 문정권이니까 상생하려는것	
문 대통령 "한반도 정세 전환하려고 했던 김정은의 결단·노력 잘 안다"	주호영 미통당 원내대표 그는 다만 "한반도 평화와 통일로 가는 길은 험난한 가시밭길이지만 노력을 중단할 수는 없다"면서 대북정책에 초당적으로 협력할 준비가 됐다고 밝혔다. 초당적으로 협력해서 다시 전쟁분위기로 미국은 여차하면 대만이나 한반도에서 전쟁을 취할 준비를 마쳤다. 항공모함 4척이 이 지역에 와있다. 군수물자또한 모두다 준비된 상태다. 중국에 대한 지속적인 시위 성격과 해양영토 확장 방해를 목적으로 하는게 강하지만 언제든 한반도는 전쟁터가 될수 있는 상황으로 돌아가지 않도록 남북이 초당적으로 협력해야한다. 특히 미통당	
문 대통령 "한반도 정세 전환하려고 했던 김정은의 결단·노력 잘 안다"	대통령님 무조건화이팅!!	
문 대통령 "한반도 정세 전환하려고 했던 김정은의 결단·노력 잘 안다"	힘내세요 대통령님	
문 대통령 "한반도 정세 전환하려고 했던 김정은의 결단·노력 잘 안다"	우리의소원은 통일꿈에도 소원은 통일든든한 우리의 대통령믿고 따르겠습니다	
문 대통령 "한반도 정세 전환하려고 했던 김정은의 결단·노력 잘 안다"	경상도 빨갱이 들은 아직도 북한하고 단절하고 전쟁만 하면 되는 줄 아는 군사독재자 후계자들..	
문 대통령 "한반도 정세 전환하려고 했던 김정은의 결단·노력 잘 안다"	확실히 타고난 사람인 건 인정할 수 밖에 없네. 저런 리더가 있으니 국회를 민주주의 식으로 장악했지.. 어떤 생각을 가지고 있는지는 모르겠지만, 국민들은 좋은 길이든 나쁜길이든 지금처럼 저 사람의 카리스마에 압도 당해서 따라갈 수 밖에 없을 듯하다.	
문 대통령 "한반도 정세 전환하려고 했던 김정은의 결단·노력 잘 안다"	통일이 무서운 8%짜리 토착왜구들 또 엄청 멍멍대는군. 통일되면 니뽄이 3백만명 받아준댄다 너무 걱정말고 그만 짖어라.	
문 대통령 "한반도 정세 전환하려고 했던 김정은의 결단·노력 잘 안다"	응원합니다 문재인 대통령님 북한도 진짜 저러고 싶어서 저러는게아니라 그만큼 절박하다는 신호죠. 미군은 내보내고 독자적으로라도 북한지원하고 협력해야합니다.	
문 대통령 "한반도 정세 전환하려고 했던 김정은의 결단·노력 잘 안다"	문대통령님. 안팎으로 적이 많습니다. 힘내주십시요~!!	
